lo_id;lo_description;lo_code
1;pars Tam regit, novum;PZTPNU2N0T
2;fecundio, habitatio Et;R78TXMBKDG
3;travissimantor apparens;DOWNBB44MZ
4;nomen non ut;4QU0H8NQNW
5;quorum quo vobis quantare;FYPJ6H72ZR
6;eggredior. e et;2L4T0JRIW7
7;Id eggredior.;C2HZX43XNT
8;cognitio, plorum;Z9YYS4NWJZ
9;fecit. gravum quoque;0O8WO83Y4Z
10;et pars gravis Longam,;4LM17K2Z14
11;non non ut;CMVU2QNVZN
12;transit. transit.;Q2TR1GUTOO
13;apparens volcans linguens;R4DCQW3UKY
14;brevens, apparens;OBL0U6DB90
15;travissimantor novum;TVJ7FIM47F
16;cognitio, si;LVQHQZQR53
17;in quad novum trepicandor;7DH50LOGCE
18;et et linguens egreddior;7BHSJGK7FQ
19;eggredior. fecit, plorum;1QQ9CGDLHU
20;delerium. Pro quis fecit,;GN5PAI0GR3
21;sed quorum sed;VNFZXG97XN
22;quad nomen;5BREQ883RX
23;in et plorum;QVUMT627ZZ
24;essit. sed;TV3UDIWCAW
25;in si Et et gravis homo,;UHUYVRR7NB
26;et transit.;ZWK4BM24QN
27;manifestum;6IWBWVQ6EM
28;dolorum quad Pro;X1CSVBBFSB
29;Longam, quo;IV6A87A956
30;e in Longam, gravum e si;6BB1JUWHHX
31;e quo et funem.;0ZIRIQRTBV
32;novum quantare novum;IZ05LMIW5H
33;glavans quad gravis;RU1GTRGJBT
34;bono bono transit.;UU6RGOJHBV
35;gravum quo gravis Quad;USB1D89YLR
36;quad Tam rarendum parte;88OQ1W0DRK
37;sed habitatio;S55ZU5UCN6
38;cognitio, quorum;GZ85SD79C8
39;rarendum quo;NMX2QNNHX3
40;estum. Id quoque et;C05WDE3484
41;trepicandor non eudis;BSPIW4M6I7
42;imaginator Versus;UHJ2RF6P68
43;gravis volcans;QM8ZWZS680
44;brevens, esset Versus;NA4D8QIUQL
45;gravis Multum Multum;35OCBMNXJX
46;quartu nomen quad;I229W8MECY
47;linguens bono et;ZT8XE7F6BI
48;Sed quoque;6J2BJO5IBG
49;vobis linguens in vobis;WS2AYUA8C9
50;e Id si e vantis.;T6U4D7GHCM
51;vobis non vantis.;AVJ6LOX8TM
52;linguens quo,;3XGV49LW26
53;et pladior;MPWGFBX2U4
54;eggredior. bono venit. Id;OH7QS8LA3F
55;Longam, habitatio;12XNI36VGJ
56;quartu eggredior. si;B9U949MARS
57;imaginator;T8ZNDGDAS2
58;quad fecundio, sed;NOUJRSUVZN
59;e ut delerium.;L5YWI3BNTN
60;et estis Tam esset plorum;C9OOUPPH6R
61;dolorum transit. quoque;SL5FLITFWS
62;si cognitio,;3NTPHY9Y48
63;pladior non;HBKV3Y55HH
64;quad et bono;LDCQ2ITTDR
65;imaginator;C51V47R77M
66;funem. parte Longam,;W3UUQFVAQB
67;quad non gravis;51FCQWR4AV
68;Sed estis e;4ZFU8TXE9A
69;egreddior eggredior. si;UH9W7SEX20
70;travissimantor;T0ZFSHUG3C
71;parte e quo;RZVFV72DC1
72;Et pladior;T7X3UPZQCS
73;quad transit. Tam e;25FUS1GJT7
74;quartu et novum gravis;YQA1RW7VPN
75;pladior Versus fecundio,;L6SHOM4GCZ
76;Et transit.;NWQZ1E1XS8
77;novum glavans;U87TTX3IH2
78;gravis essit. glavans;2J92ACTFCU
79;quad estum. gravis;U3DBSUSTRU
80;plorum travissimantor;KCKAUT7DTH
81;quis cognitio, Tam ut;6U6QZ4P4DV
82;novum quo apparens;UD4FH58QOB
83;bono quo, Multum;AZXH0HZ7Z0
84;et gravum dolorum;TWJ42VO4NH
85;non quoque venit.;DH66FB243T
86;gravis pars quis;LJ6SH3745W
87;eudis rarendum;CJ7VC2D1KN
88;in vantis. Tam;FMFBU2N5VX
89;quo cognitio,;4B0Y9EKWJB
90;et linguens;65MYJZZR19
91;glavans imaginator;H3KD595GZ0
92;parte pladior;NFWVETZHN4
93;et et et gravis volcans;GF9OVIO64V
94;regit, e imaginator;1TXDV8BR2C
95;fecundio, non cognitio,;XI71OK5RKL
96;fecundio, Sed;ON44GDMSSW
97;in essit. egreddior;7D2Y1XQ6W1
98;in funem. habitatio;HIQHUU31CB
99;volcans quad;3498RRX4AJ
100;homo, in et;JATYQJ71EP
101;transit. vobis;85MDYJRORK
102;quantare vobis;D9XOS6Z8RR
103;nomen quad sed;GZGOV4KTBX
104;vantis. gravum volcans;7W4LDSDCLR
105;fecundio, cognitio, et;HWJ11Q025X
106;quad pladior;BPNXAON3Y9
107;e quad si e;921K7T6VE5
108;quo, si venit. imaginator;ZIJ4U2US8R
109;volcans e estum. Multum;2KFYGIOPIS
110;linguens nomen;BNGZHJ7VAJ
111;homo, apparens;6P5E5UL960
112;delerium. quo vantis.;20H58CO6PN
113;et quo linguens;R6VNUKBKDH
114;Multum plorum manifestum;3EPT2CU38M
115;regit, Sed apparens bono;YLGICAV73U
116;plurissimum pars transit.;TXZIHZ0YLN
117;fecit. si Sed si esset;EX3FFACCLE
118;gravum si glavans;K7A7C80P6D
119;si vobis nomen non;RLRUKUU2A0
120;gravis esset;37IFWVKVR8
121;rarendum linguens;2CR8ANRXWH
122;plorum essit. estum.;K6INLQHHI3
123;quoque Et quis non;142OXC44AL
124;plorum essit. eudis;UIF2BK6AD4
125;quo, quorum;LMCX8AUDAP
126;Sed glavans;DBN5LQFSS6
127;manifestum parte estis;ZBZ8IEXA8Q
128;Versus rarendum delerium.;YJGB03U9XB
129;sed et plurissimum quad;143E6YGVKC
130;ut in in quoque;ON1XZRFGZH
131;NULL;SD4PAPBYI8
132;quo quo, fecit.;3AV438ZTC6
133;vobis trepicandor;1USA332THC
134;gravis Quad Multum fecit,;YCQAHNRJLU
135;linguens et;4KQ2VN7G54
136;travissimantor Longam,;KBAWZM7WOR
137;regit, apparens;NCJETRB2TK
138;apparens dolorum;DQ8J08EM06
139;quad estum.;2REZKO4BP5
140;quis e gravis venit.;VWEIGUG52A
141;vobis cognitio,;5YKNFLZH2R
142;pladior estis linguens;DARZT6NYHV
143;esset travissimantor;HUC5ISK5U3
144;Multum plurissimum;QMGFX8IC82
145;Pro vantis.;TJ4RG0AI4S
146;fecundio, si non regit,;WGPBA36WXW
147;manifestum;DJ5JE9EG5M
148;NULL;C0T1QBKVCZ
149;non quo plorum;9P0QLYE5B5
150;habitatio non Tam;V6KMXM13NN
151;quo quorum;Q4OI8DUC2J
152;quantare vobis;6AFJNNG1ZB
153;plorum si fecit,;35MH3EYT8B
154;trepicandor;FYV13P1AY3
155;dolorum regit,;X097EYDMMN
156;quad novum in;Q0JVR9GE8B
157;pladior quo, et;MVHNMKR0OC
158;manifestum;F7M7W00GMP
159;fecit. bono Pro;X7VI7XRUKV
160;Multum esset;BDEPQBTVLZ
161;plurissimum;UKC8KDGDRO
162;et gravis quad;QX9R4CU9UR
163;novum sed fecit, vantis.;1V9S69OMR3
164;Sed Id regit,;RDB5ZCED73
165;linguens Et quis si;FNGGZ7H0C4
166;nomen glavans quoque;TIGZS66P5X
167;manifestum;T6WGYCHUGK
168;eudis quad eudis ut;DGLBQAG5QQ
169;trepicandor;DJSOZK76HY
170;sed quantare nomen;MTAKI94JHN
171;vobis quo bono;W50DGGW807
172;Pro regit, estum. Sed;1SCO9CXN93
173;linguens fecit.;MUS15R7078
174;volcans plurissimum;KMMOM3RA8Y
175;Multum linguens funem.;JSH7U0RLUD
176;transit. quorum bono;YJ6LFA41ZZ
177;plurissimum plorum;W8Q1LQTVZU
178;rarendum novum gravis;1AZJYX79LE
179;apparens glavans;UO3H1OH57Y
180;travissimantor;QV9GSE0SYE
181;NULL;XHVLVB7UPE
182;Quad et estum. quad;6D2X3P5EUM
183;pars novum linguens si;HJ4AI4S8SF
184;quad quorum quad plorum;YQMLFS5YC9
185;Longam, plorum;BPWEVBBNJK
186;egreddior glavans;WZBHLT22HL
187;egreddior si;TECBH9C9V9
188;quis homo,;C8EE39GW5V
189;homo, pladior;PTM9X6CWAS
190;fecundio, quis;BVH1JU2AAO
191;imaginator eggredior.;4N327PTLKG
192;gravis gravis;1PIP7B6XZZ
193;bono gravis;SXJW1PMUVK
194;nomen gravis;QPZ6VZM3O7
195;novum plurissimum in;6TSJUMQ4DP
196;Tam brevens, Quad Versus;4U5JAN3ZPL
197;quorum glavans quad;XZSP0G7AWA
198;fecundio, travissimantor;OQP4IVZ4Q7
199;e venit. imaginator;QL41BOYZPI
200;homo, et brevens,;NVTQ4M9X2S
201;dolorum nomen Id novum;B6EU657ZLU
202;eggredior.;J87LZ4ICWL
203;fecit, nomen;63TBRRDUT5
204;linguens estum.;19YMHHTSQX
205;quo gravis;BCKJIN4EQV
206;gravis dolorum;1ZB0VDGLQ1
207;transit. quartu delerium.;X6XNCN1I4V
208;quoque parte;ISHQ88QQEE
209;vobis bono gravis esset;Y7YBHMGB46
210;quoque si eggredior. Sed;3FDLVAHD7R
211;pladior quad;OHIJ447V0M
212;quis Et apparens transit.;78QP15E1SQ
213;Multum dolorum;VO2CNDG816
214;pars pladior quo funem.;QJGSYIB386
215;quo eggredior. non plorum;B75V68BZ6Z
216;quis bono Longam,;IMUHRHUFRL
217;Multum Longam, pladior;8H7897VPOH
218;quorum Versus vobis;UCU7S67X20
219;quis ut pladior gravis et;80TYHRU9TF
220;pladior et;QYNOXZ33GA
221;rarendum volcans;IRHMJPN7UJ
222;quo, eggredior.;996FBQ4VFO
223;venit. nomen nomen essit.;GMVJ497TYK
224;venit. Id quo, quo non Et;8I1GU75LLK
225;si egreddior;5PEHHODYKV
226;quad volcans;YBUR0LE01K
227;apparens non;K0NEUWXPT2
228;e linguens;KH55MRJG0Z
229;quo nomen glavans gravis;WKPL37K6LJ
230;e glavans gravis si;55DT3UH1V1
231;Id rarendum non;YRDLUYMHLK
232;e fecundio,;Q43O8SQ5NH
233;quad e quoque;9C0SSNOYY4
234;si Pro quad imaginator;NULL
235;glavans in;NLY8HCLK4Y
236;fecundio, pladior;4E9QFLOBPE
237;et et novum gravis;HH1K26YSML
238;volcans in quoque;YHHQ0BEJ2C
239;Id in homo,;I7MI283ANF
240;nomen plorum Pro Sed;U4G6X9ELBB
241;imaginator quo, quad;9FR8OLDX5B
242;gravis non;NULL
243;Et rarendum Multum gravis;ZYTYK4PPBY
244;quorum novum;KMDATE44H1
245;cognitio, vantis.;DY7QUKIXP9
246;in gravis estis rarendum;E5HCYPAVMZ
247;quad quis quoque quis;SU5UERZS1U
248;gravum quo;SKVRTA56E8
249;e regit, quis;I78SGFFULE
250;essit. homo,;75CLZ5QYX7
251;et estis Quad;0DWH7V0PFL
252;funem. imaginator Id;KCXMMBJC68
253;bono gravis manifestum;LDPE7A0GGA
254;Et novum non linguens;A7VVZ7KUVY
255;quo regit,;8LZNDJFEL1
256;trepicandor;0RIRSOPPZ5
257;novum Multum fecit.;L2QRQCCSCC
258;si egreddior rarendum;Z54FJXG11P
259;quo, si non quoque;A73C7EW46Z
260;homo, transit. et;LZWXLS22TO
261;non regit,;YRDMD4R8X3
262;imaginator;MSIND4XW76
263;quad quoque funem.;KK4JLCOYZW
264;estis et fecit,;O8BZK1RDX1
265;et venit. Sed;ND4FYEY4WG
266;manifestum;W7THUIFKZ4
267;quantare fecit. plorum;C3ABEJW4U9
268;dolorum dolorum;8XRE6D90VZ
269;Id estis Et gravum et Et;8C45279XD2
270;nomen trepicandor non et;L104MZE7SL
271;regit, pars Multum plorum;VZWQFB1AY9
272;estis et et;IVX79GPVWV
273;Pro funem. travissimantor;0BQD2RALN6
274;vobis quo non;2H48CRXW23
275;quantare funem. vobis;JI56FQXIXP
276;pars manifestum sed;VZK019A0DL
277;regit, parte;ASG204XX0S
278;gravis pladior;1R78VCKN49
279;quorum habitatio;RL5OCPNM2Q
280;funem. et Tam;O7CQCPTL0O
281;quantare delerium.;ZXTSTEXGPH
282;Et novum quo;S1VXCS79EQ
283;parte apparens;P20V4ZUUJ9
284;fecundio, plorum;9L8VJW9OM0
285;in Id in habitatio plorum;3FBVFD1EQA
286;quad Et estis;U8QSY9YLUX
287;nomen novum e;YR9OH8B0Q3
288;in vobis fecit.;TZKJ9KHT5I
289;Tam quo fecundio, glavans;HR05RXZQ15
290;apparens Et et;RGJLQVS2QK
291;nomen et quorum glavans;OEQ7E0D31S
292;egreddior in rarendum;F9IOCHD0Z2
293;plurissimum estum.;V830OTL02S
294;eggredior.;T2LEJJZCX4
295;non nomen glavans quad;X1922JAPPK
296;fecundio, pars;PJH3EBJI0Q
297;eudis Sed Id;HGG2XYU1N5
298;novum quad cognitio,;QB2QLR2PC3
299;gravis quantare pladior;7D2WF4NSF3
300;glavans et;WKTMZMCVNX
301;e si Quad estum.;US61OPSFBD
302;quo pars plorum;38200IPDUP
303;plorum et Longam,;CEIWZRGDHF
304;et essit. in quartu quis;QI9PEGXZZS
305;volcans et Et;YGKJZLU592
306;quartu novum;2GSIRQ1ZYV
307;essit. si ut;MHJQA39FUQ
308;glavans quartu;BF1CFRUIC5
309;quoque novum e gravum;ZGSXWP6YZT
310;venit. eggredior. et;GU2Z8AQWT7
311;quoque gravis apparens;15CGEBA4FJ
312;bono fecundio, dolorum;7I3YC7J9WQ
313;homo, egreddior;6Z79FJKRGB
314;et venit. Longam, eudis;ZENLFAVNVE
315;e Longam, et nomen;4MKWAXICKA
316;fecit. essit. estum. Pro;VYC94WQKN3
317;gravis quoque;1IOARS9D8U
318;NULL;LUKPI8M83R
319;Sed si regit, Id;PJP855ZXBQ
320;Sed non e quad;4L1806Q371
321;imaginator;3CHPFDHXEZ
322;travissimantor nomen;5T4KIM3EBJ
323;in funem. quoque gravis;3QYNA8GI0J
324;essit. rarendum;AFCQGQLFEB
325;quad fecit.;VG83FN4ZSQ
326;NULL;29RQR39GWZ
327;quo volcans quo Versus;BIP7S5DTW5
328;transit. non;LVIE6TTD1R
329;glavans volcans esset;FC3ZQYH5XF
330;plurissimum;64QD7VYMZT
331;vantis. rarendum;DNV7CXGNIY
332;in non cognitio,;73C4SFEBQ8
333;essit. apparens;3PDOSLXFFS
334;travissimantor;PZF3ILKP9W
335;transit. trepicandor;8XM132I7N3
336;Id venit. quad parte;2J6UN4UP3J
337;gravis si glavans;XEDOPXTQ0Y
338;fecit. eudis eudis;JHG2RIVW74
339;plorum quantare;7WWXOXFUKS
340;quo plorum si Id quo;2Z8NEDLDW2
341;et et trepicandor;O0PDLDCU7B
342;Quad funem. quad;R6GSR9VB6E
343;gravis transit.;JEGT33HAU7
344;rarendum si;P7V8AC2IPK
345;Tam habitatio apparens;1827MLCILW
346;fecit, quis;3GAXR99CWH
347;habitatio trepicandor;NG9WJZJ8OO
348;non quo, vantis. non;UC8RWHVYBL
349;quad pars dolorum novum;L4FXDKT9DO
350;travissimantor Et;8KLXP2CYD8
351;parte funem.;2MXOZCRGX5
352;venit. plorum;FV4HLMYFFB
353;pladior quo,;M4N6YRTMC8
354;novum quantare;51S0OKGHXQ
355;quo, vobis in plurissimum;05PT8HQ0XT
356;plorum et vobis;Q0T0TDZNBS
357;fecit. egreddior vantis.;FQ3OLXDYXE
358;cognitio, travissimantor;K3IG5JBVCA
359;funem. quad homo,;1AS6OR2I9F
360;quo, gravum gravum;2QZQJWTMZV
361;egreddior gravis gravis;5FPIC8FBFF
362;Et non si plorum;8PSWE9MWF4
363;si non fecit.;A1SHF0F2QB
364;vantis. eggredior. in;B5CG6EU2XZ
365;Longam, egreddior quo;EHAXMHJZ2G
366;Id quis transit.;Z5OPVTFWDP
367;Sed non linguens;XDMKX282D6
368;habitatio linguens nomen;GNA7HDXIQ8
369;plurissimum;P66SGJ0M1M
370;fecit. plurissimum et Et;1KWA2JGR02
371;vantis. quad;TP1FNB1YUY
372;Sed et transit.;1OGD5MO1Q5
373;brevens, estis;BLPB6BD1Z8
374;e e apparens esset;BDHR0VPK2R
375;quo quis quoque fecit,;YI7UOEU3ZB
376;pladior brevens,;8DFQC4QKSY
377;vobis non vobis;9D3VEMSB63
378;in Pro travissimantor non;4N63CMZ7W9
379;quantare quantare quoque;244B9JLTHY
380;travissimantor;39UQT08AN5
381;quoque estum.;G8SK9R4LL2
382;parte vobis;TAZR2C9QCM
383;bono venit. habitatio;WJX8MTZYLL
384;regit, nomen;WNVJPATPWD
385;egreddior et;HGJR1XW1XS
386;sed imaginator;MB8N05ALMG
387;Quad fecundio, in;IDBWJMYWMQ
388;e novum parte;R2GOUR12KO
389;parte glavans imaginator;D0JA29OFAQ
390;gravis Id gravum eudis;HX5F5E9206
391;Versus novum Versus;6K66CAJJJW
392;gravis parte nomen;00AC9KO77F
393;linguens non quad;2KIIFLNTHN
394;esset si fecit.;KUY3VXEVR6
395;habitatio quad quis;6X55T5OETY
396;estis quo quo vobis;HHMNTVXVQF
397;dolorum plurissimum;OFGD5ORTBO
398;quad pladior;ADKCASI43U
399;volcans rarendum bono;7DHG84IYVG
400;brevens, funem.;J9QOFZZMZM
401;eudis et Id;Y792GL5DLB
402;quis homo, non non;B73WOGNADT
403;quorum linguens;XTBLLCI4GU
404;non quorum;IE975NXSHV
405;quad sed trepicandor Sed;RYJLJBJZP9
406;e Multum non et;WAGRVZSVGV
407;dolorum e venit.;LPOMGAZCKB
408;et Tam dolorum brevens,;V1D20T7LG5
409;vobis novum ut;MIZRESY0ME
410;egreddior Pro;TDTWWU8ZCO
411;quantare cognitio, vobis;PEEDSYYOVE
412;estis habitatio;436NPW7EKP
413;gravum et in;NULL
414;venit. pladior;P7084XCDGS
415;plorum volcans Id;1SKD0ZZ2YJ
416;in Multum fecit, funem.;28QP84BSY4
417;esset quad cognitio, non;WO6DKU0BIY
418;linguens estum. quoque;B1D3CV8EHQ
419;regit, estum.;Y5RHEP71OU
420;delerium. quad;6WV6MF41M0
421;Tam sed manifestum;3XPB5SGJKM
422;quo e parte estum.;NQ0M2GA3H9
423;Quad Pro delerium.;MVH758S9G3
424;habitatio volcans;52TS2KFK4A
425;plurissimum imaginator;18560CORJJ
426;Longam, funem.;YBTTXN7QA6
427;Longam, quad pladior si;EKXS9DQOW4
428;fecit. novum et;JT82Z8FLOK
429;Versus quo Et;M4IY8NSDD0
430;estis novum Pro;1UK873B0VN
431;egreddior plorum;3R0KVNYBPH
432;e homo, quo;PXT9B43VIR
433;pladior plorum Id eudis;NSEHQ0C9OP
434;quo Multum rarendum;80RYNS4E2A
435;travissimantor;L4MFXR6XZ5
436;quo non volcans;9376DWYYFS
437;glavans essit.;PPSICGBR3O
438;ut quantare;87AUB2K3QP
439;imaginator rarendum;LRORHE7G4V
440;bono novum;UFXMFFPM82
441;non bono quo delerium.;PVZWJLVDB2
442;parte quartu Longam, quad;T41ULZWJMK
443;Longam, pars;LDUXON5D3H
444;delerium. et et;M1SRLVMLRJ
445;quad nomen et linguens;TLSKLTQQOF
446;quo, vobis;29M1LW87YY
447;eggredior. quad;0H01TE1X1T
448;novum plorum et et;2K8441BNDT
449;gravis linguens Pro ut;8YJ5J9PCJL
450;eggredior. rarendum;ALBKJ0CORD
451;sed in linguens gravum;X72SHS6VBL
452;essit. quoque linguens;M81IOUS7P9
453;parte et gravis;H9NTJHBAP2
454;non plorum vobis;N0C3QSX5N9
455;manifestum;LY2I1BHWJN
456;habitatio brevens,;EQS4N8PK0V
457;in cognitio, vobis funem.;LL05L3Z9JL
458;non quoque;HOPR1FZTSI
459;rarendum essit. quo nomen;CLMAL4PG39
460;estum. Id ut;YCHHVQDW93
461;dolorum plorum essit.;584FW79K72
462;venit. eudis dolorum in;98EJAHVK3I
463;Id apparens;DQCAJJ9FW9
464;essit. quoque;MGD668H6J1
465;in manifestum habitatio;U383BFW1P0
466;si estum. rarendum;5VE3MOPAS6
467;sed bono habitatio quo;0MY64BM2WZ
468;et linguens;BW81G8TJVJ
469;quad regit, Pro egreddior;FBHS2MTH89
470;quo Pro quo Multum non;Z3L45AKEM3
471;si apparens linguens;6JIUK7HG8A
472;plorum et et manifestum;R6NOC809FQ
473;vantis. si;HW5FB2JYHX
474;Versus gravum;74YA82LZR0
475;quad essit. novum;NBFGGYCDDN
476;si fecit, non Id;H2LP4WEXAT
477;volcans linguens;MYJQ20YNFY
478;gravis pars;X8U0UMLM3J
479;brevens, et essit.;QNVOJXPLUQ
480;e brevens,;9OGXPVBFP8
481;non nomen habitatio;S5CU31SCNQ
482;egreddior regit,;58VVDH0YU4
483;pladior delerium. Et;7Z5JWWPAOU
484;Id quad manifestum gravis;8UQCOUOSH2
485;quoque trepicandor;FI82UHUERE
486;nomen gravis brevens, e;UXDOJ4WMC2
487;ut Tam venit.;X0141S691M
488;fecit. gravum in;8JNBU18G92
489;novum estum. habitatio;UZSZZAJWUP
490;Quad plorum;FL80QG28HC
491;gravis quoque;ZPU189UEWT
492;et Versus gravis;251B1SWQ5S
493;quad non Id si glavans;B323UBRE1K
494;et et travissimantor Pro;3035Y291FS
495;plorum Et si nomen quo,;II2ZEE9BR7
496;non Et quo;TEQY4FJNIR
497;apparens linguens;K208WUTG3C
498;non Multum vobis brevens,;7KK0UXD4PT
499;novum Longam,;47PEZXUISA
500;Sed quorum dolorum Et;5XZY6HEIA3
501;dolorum linguens;G66E4KL9D2
502;quo delerium. cognitio,;AYTJHVWMKJ
503;brevens, estis regit,;WEM0WQVQ7I
504;quo, in volcans linguens;HRJ8KT9WIW
505;gravis parte;MN14N0JLOJ
506;travissimantor;DARS3NUENV
507;brevens, rarendum;3H2Z9A3CN0
508;linguens quo;MSZZR3V6LU
509;novum si et fecit, et;DD8GSPL149
510;pars in apparens Id quis;LJJ2NQ9IBV
511;eudis Pro quo, plorum;8NZS3WRIG9
512;eggredior. linguens;NULL
513;sed estum.;F3ORSHDRMV
514;plorum non ut;86FFOG4X3I
515;sed Versus quartu;B4LH0MPALS
516;Versus e non;F4GDVXR4K8
517;delerium. et Pro;NULL
518;egreddior funem.;CFTCN7AEJ6
519;funem. novum;MSK5BHR1BA
520;quis glavans;3QBZAL65YX
521;nomen quad;4R5ONYI079
522;et glavans eggredior.;QHOTQM9DJX
523;si estum. non bono;AC21OWP7D8
524;apparens novum apparens;3OS0NUSJA2
525;NULL;50TBHUKVKE
526;quantare eggredior.;7HTLMALB0V
527;homo, e Id vantis. venit.;ZE00QZFKZM
528;ut si Pro funem.;G727CEUNIN
529;plorum fecit,;HGB618IXZ2
530;gravis regit, manifestum;F0FBG4KG0E
531;nomen pladior;D0MJEX6HDD
532;non nomen vobis regit,;NXJPJY722N
533;nomen Longam,;IS2S0YP21N
534;glavans nomen;H3AKITKQHP
535;eggredior. nomen;DCISRLM8YC
536;Versus et non;LIUGMX8SAB
537;volcans novum linguens;PFFEZFEHB6
538;imaginator;XFP9873GSP
539;venit. plorum pladior;6HSP17NIPF
540;funem. quad Pro et;YN3CCM6UG0
541;Quad regit, venit.;JLFRCO1OTI
542;quo vobis habitatio;48YM9E7UTH
543;quo Id apparens;NG26WUHAY9
544;e Tam non eggredior.;1Y6AAUZG0L
545;cognitio, quis non;9IUDQCSNM7
546;gravum et fecit. esset;VXYO6R76IK
547;glavans cognitio, essit.;J7ZFZ3CUCG
548;Tam imaginator e;W6JCI45IAM
549;plurissimum venit.;D29BLO79U2
550;eudis travissimantor;TZMEADOARU
551;et eudis travissimantor;U1R5T82109
552;sed quantare quo;6TX6NION3M
553;funem. delerium. non;PDKP4TRUZV
554;in bono plorum;587JGUZ6S2
555;Et et vobis;0SSH4Q5M4R
556;e eudis si;VBEK44995A
557;plorum fecit.;NOPY31UNWT
558;volcans eggredior.;SCSWNP1ODQ
559;venit. e parte Pro;KCW5WPUXJW
560;vantis. quad;354S5M3RGV
561;pars plorum;ZI2S7GJ7HX
562;egreddior pars;W3C2Y54TYA
563;Versus non;69NRVJELLA
564;brevens, gravis nomen;SCD33HEDBF
565;habitatio gravis;W81F2OXNNW
566;parte quis bono;ZCS5GLZTVB
567;rarendum apparens;NULL
568;delerium. Pro nomen;0BZOV1MFLY
569;plorum imaginator Id;HDEQFGQNYM
570;Sed quad funem.;AD1AY1SDIJ
571;nomen sed e;Z8PFDTV08B
572;funem. fecit, Versus;FUFQP5J28D
573;vobis glavans;00MNK3KM7G
574;esset quantare pladior;4D5002XRXE
575;gravis egreddior Tam;RX6U8BNUFB
576;delerium. quartu e;P7OSQ8SFM3
577;parte pladior;FQ2KP5G5HG
578;eggredior.;C9PHQU9ZD0
579;nomen quartu linguens et;4OYB7COYHS
580;si quantare e;OHFRNMHEAU
581;novum et venit. dolorum;TVF38HX6MQ
582;manifestum rarendum;QMEMDX3GIY
583;esset plurissimum Et in;RL71Y7MHYQ
584;imaginator;LU2W4370A5
585;pladior volcans egreddior;MRTD09JBTB
586;Id venit. novum;P3TV7IQK4R
587;plorum quad;V0JKGTZ9HN
588;quad plorum;YZG8L7CXNW
589;essit. sed quis;04Z38WOAQ0
590;quo, apparens regit,;AWSTGSQBJT
591;glavans et;R5UEZXI774
592;quis parte et quo;B0EKDK2L7W
593;cognitio, fecit, ut;WOKFRRK7CD
594;delerium. linguens;2DT8UXQRJT
595;Quad vantis. et esset;VKREVF58YM
596;gravis quorum;T95UJ6RNZS
597;si travissimantor quorum;LY1Q4Q5UFD
598;vantis. apparens in;YTZNCV423F
599;et Quad quad;1JK2ZDKZVU
600;et quartu in quo;UYTD4AE336
601;et si gravum brevens,;PACUWUVIWO
602;ut trepicandor quad;HWH61QRAGI
603;volcans Multum quantare;TY1TYRUN0C
604;venit. rarendum;FU9Q5GP4CX
605;trepicandor;8GXVY8OBSQ
606;NULL;EHDT3V4O9O
607;manifestum travissimantor;KHNWBLAKC5
608;et Quad essit.;CQKV3TLZOJ
609;brevens, gravis;AFRCCDUZOO
610;quad quoque;YWG71X207E
611;quantare non;25M97RB390
612;Multum trepicandor;C674Y8WQCH
613;quo plurissimum Longam,;LSNFVROWOC
614;cognitio, eudis vobis;BDMP362OLE
615;Pro brevens, linguens;7J90WYU3H1
616;homo, vobis;DJULRWJFCC
617;quartu imaginator;JVUI85QNNV
618;venit. et plurissimum;TL35VVP2KU
619;Versus Id Et;S02VHF6551
620;egreddior non;T0E5EPODUD
621;venit. quantare eudis;3Q9HL0NPAR
622;transit. brevens, quo,;R2UFCNAGIQ
623;quad eggredior. Et et;ER3RPHZD60
624;quad in quis et gravis;6XCM0T5HGR
625;imaginator;98BBZD12DV
626;estum. et fecundio, et;UBHDUB6QWK
627;eggredior.;DVX2QNHB0A
628;vobis vobis;QIVFDHMC4M
629;in quad trepicandor quad;A205MZUBPU
630;bono habitatio;PUGEWMDL2U
631;regit, rarendum;CLZIEXO3KG
632;trepicandor et;VLU2K0HHPK
633;quorum quad linguens;NS0ZZLZYIJ
634;dolorum volcans gravis;OPF64LWMLA
635;egreddior funem. dolorum;SZUKU2D3L5
636;e esset linguens;PX6HEY34LX
637;homo, apparens Quad;7W4MEWWK2Y
638;regit, glavans si novum;0014ERXLEY
639;quis vantis.;N0HZN6XJHO
640;et et et venit.;ERYF7NH702
641;in quo gravum quis quis;CX6F9JC7ZI
642;quad si vobis;O945F9PMJH
643;eggredior.;BL96ZJ947X
644;vobis vantis.;KOKS7WE7AO
645;gravis Sed Multum e sed;Y3OB288HEI
646;et quad apparens;NLK52KSXVB
647;vobis linguens quoque;7PGKM1S8C7
648;plurissimum et quad;5N6INH0WPI
649;estis fecundio, novum;Y0Y71TTECT
650;Et quad non;FVZUHM6O56
651;estum. in homo,;OGXZKWBXZM
652;linguens in et;9QFMEZYFXU
653;Pro plurissimum;A7AITZDP0D
654;apparens Sed manifestum;KCIA29X3EU
655;novum fecit,;FM8EV76PQ8
656;quo, Pro funem.;I5QO13BJ9L
657;quad Multum venit.;H5334XPIUF
658;estis ut linguens quo et;2ROAE46JAN
659;estum. transit. et;1UCKD7TSVL
660;fecundio, quad;T43BR39Z8E
661;sed quorum;63Y0RP6DQB
662;et travissimantor eudis;Y49RKJIO1K
663;trepicandor essit. quad;GXK63D29AF
664;transit. plurissimum;XN9LDF4LIU
665;et apparens;U5Y10IPHJC
666;et quad Versus;GN0FLMSAG0
667;funem. egreddior transit.;T6MIY53JF2
668;quo imaginator;43E71DJKTV
669;ut quad quo,;E7LLXUIT7E
670;Pro essit. quantare;BBSFIJJDZX
671;si in quartu Multum;KIX1DKFQW7
672;eudis eudis rarendum;2REWD791MU
673;quo non pars;UR2FMV00FV
674;Quad fecit. si Versus;XM3NWGXDGH
675;et Versus volcans;N900L6B4YA
676;Et quad habitatio;2N5YYYKQWR
677;quo, Quad fecundio, et;7USSQBS39E
678;in plorum essit.;S4TEL9TOBW
679;linguens habitatio;BKFHYIZTPL
680;pladior essit.;V168TG0BV1
681;quo Tam parte;3V14JCAW7G
682;quartu imaginator quo si;NI7C8CA4FO
683;in quartu Pro pladior;H8R7DGDNZ1
684;essit. e delerium.;3GKFTYMJSE
685;Id manifestum;NULL
686;gravum Et parte;ZEN0G8N0QL
687;Id Quad plorum;PETDBZUJKG
688;nomen quo pars quantare;4ERSSJBIWV
689;travissimantor;N8DJCZ5ZYB
690;cognitio, Versus Versus;KR5MGMMO9T
691;Id si nomen;6999NF4P8P
692;habitatio Quad;PRKZRMUDKH
693;linguens et eudis;8UZM53PV7L
694;ut esset quad quo;924A3BPV92
695;et plurissimum;W2E2GUZUV9
696;quo estis cognitio, Sed;O1FA1A10CH
697;estum. venit.;JHHVHJIOP7
698;Id Multum non trepicandor;0XX72MUVDQ
699;transit. bono;DE2VTAFT9Q
700;travissimantor;TIXLKDGB7J
701;linguens fecit. vantis.;90HCT8E6G4
702;vantis. homo, vobis;M33SLQ88VY
703;apparens quad;B4EAH2GF2I
704;estis et quo in;Q52EGG7F39
705;e non delerium.;HVTHRSQ3YN
706;quorum quantare;JOCYIQCP12
707;et plorum eggredior.;9DYQ69R1GU
708;gravis apparens parte;QMIH0ANPYK
709;gravum e fecit, gravum;0LD1IYG2D7
710;vobis pars cognitio,;NMGI1LGBW6
711;quartu in gravis;3XQF1Q21C3
712;fecundio, imaginator;JCDC5RTLEG
713;plorum quo, Et Longam,;8YV1H928NN
714;linguens non et parte;6HGB2WPZBV
715;vobis fecit. quantare;E235OGPIBS
716;plorum quo;VPSJ09TZ3G
717;funem. Id gravum;06VWUOWVE4
718;in Pro trepicandor;TKTXCKMI4C
719;quoque quoque egreddior;SMQIIWG6CR
720;rarendum travissimantor;S2X9SM0LFD
721;plorum Sed;IV8Q2X9DLB
722;non si vantis. in;AD95B50E8S
723;pladior rarendum;URR02SZHIW
724;plorum gravis non eudis;J3VASTJXZ6
725;non vobis quad fecit.;IRJZMBVL15
726;quo quo fecit. egreddior;X0GZ2UGD3S
727;nomen plorum eggredior.;XT6A0D6VAS
728;e gravum eudis Sed quo,;79ZH35OMXV
729;non Et volcans;36UUSRPGM3
730;Quad gravis quantare et;4UPTBAHF6V
731;rarendum Multum;IT60LRBOGV
732;manifestum quoque si;QQZG6KE6T5
733;Id quo et non dolorum;C55R9UE5HO
734;linguens plorum quad;FO0NS6X5YM
735;travissimantor;L3ZUU4W0Z1
736;linguens fecit,;6H0UTHG9BD
737;ut Multum novum;EAAGIS88O7
738;plorum egreddior gravum;CK1SFZ98HP
739;vobis transit. volcans;XIJNXDFOOB
740;Longam, dolorum in quo;RPOJEM4SRD
741;quartu si estum.;H5GT02H03W
742;venit. travissimantor;3CSWUUVTZI
743;Et et venit.;PTB4VKN4PX
744;venit. gravis;N0E63CC6O8
745;non quad travissimantor;MLBQIR9XYD
746;parte Et travissimantor;3FNIW7XCZ6
747;regit, vantis.;6PSIORIGSU
748;e quo non regit,;Y6PS42VUSZ
749;quoque venit.;WWYJLG59B8
750;quis eudis;FFMYZ3IEHL
751;vobis bono;YGGS32VH4E
752;glavans Quad;MSVK452AII
753;et habitatio;FRA652SCDH
754;essit. apparens;ZXH2TD2EU4
755;si non linguens gravis;8ST2FYCC62
756;fecundio, e;11PIXWSPS1
757;linguens vantis.;NTX22BP84O
758;volcans rarendum;AIHC2MTZ0A
759;et Id volcans parte;KWGCBF5L4C
760;Tam in quartu fecit,;I505DW0NYX
761;nomen manifestum bono;9R60KU6WS0
762;apparens et;R81MP092JJ
763;gravis Quad quo et Id;60CCX9WYDB
764;in Tam delerium. venit. e;VMO5AUBF8J
765;Versus transit. quoque;3DR3R70EWD
766;novum vobis;TK6O8WWZUN
767;in quis manifestum quis;RDFXJPEQ4B
768;quorum vantis. pars;3WYKUIPYYF
769;linguens quo;PS3ZLMFI9P
770;et Tam ut brevens,;0LEOTNA059
771;plorum quad gravum;XG9QO1E9VO
772;et in vantis. egreddior;6OMTJ3RBL1
773;apparens rarendum;OWC66O1NYA
774;esset non in;UVMPVYD4ZT
775;plurissimum plorum;DFQ1Z368UO
776;manifestum in;RSDEHVP78P
777;si quis gravis;VTR6U8TXH1
778;homo, trepicandor;WIXG4OXGQF
779;Pro quo esset;13UBHGIESL
780;non novum quad;0KWAS9YEW6
781;esset travissimantor;EVUH1R19RY
782;in plorum parte pladior;7RNCIRDE39
783;trepicandor;VICJTVOICI
784;in esset venit. nomen Et;AOYHZFRDIT
785;pars quis Quad vantis.;2C4NGR61H3
786;fecundio, Id linguens;N0C4HX5L9M
787;esset travissimantor;QGYE1RXNQR
788;regit, linguens;RF0F6FXBA0
789;nomen gravis;T1X4VXT7WJ
790;fecit. travissimantor;OLNO1PF3UD
791;Quad quis regit,;P8W42QPOXB
792;homo, quo linguens;DNXGWVZTIU
793;travissimantor;ARERID7W76
794;imaginator;4CO7RV3H8L
795;brevens, bono;B80RLSJ30U
796;quad quo pladior;AY5QB8CG14
797;parte gravum;CIKSP44Q0M
798;manifestum Sed;5G5QQSEC36
799;volcans Multum;91Q20KU5RK
800;non rarendum et vobis;4VH6T3EZ9T
801;estis quo et essit. e;ISPKKHJ2O0
802;et e quo fecit.;79J1M3JWUV
803;plurissimum;4B98KZAY4W
804;pars e quartu;1JYCGZCMPV
805;habitatio Quad nomen;3O8NRGBFDZ
806;bono quis e e;9ODBBXJRQW
807;egreddior eudis Pro;V703ANKJ86
808;quartu Pro travissimantor;38K0W8TNOI
809;Multum plorum;P99Y4OE2X5
810;travissimantor quo;ZT1NO6NVUQ
811;estum. fecit. quartu;XK5QB1BY37
812;linguens plurissimum bono;IIQTBIW558
813;homo, eggredior. linguens;Y8RZ9JNZTO
814;quad Tam regit,;ICPTECDQY1
815;eggredior.;DAIWUU4ZOL
816;in quantare brevens,;PMWYBRRB3D
817;quo, quad estum. novum;WZE4I4JREA
818;et eggredior. et;1UGGCPSUUZ
819;nomen quis;KN2WF0LYNX
820;nomen glavans;GDJIQB0FW6
821;plorum plorum manifestum;JK1HVF2I8I
822;habitatio Longam,;WEQ1MOI6GM
823;quo, Versus;HE2XTYHUE2
824;eudis homo, gravum;W4IUX55W5O
825;esset cognitio, parte;JH4ROOBXQQ
826;sed trepicandor eudis;A3NFYL31E4
827;travissimantor;1IMJSRC0KG
828;e si venit.;FUKS2ASIGC
829;Et Et Tam gravis Sed;VTE6I6KS4A
830;fecundio, cognitio,;PGM45WKKP5
831;travissimantor regit,;RNTU5JT8WN
832;quoque plurissimum;WMT4L86GRC
833;gravum si manifestum;I546X4WXWM
834;eudis plorum Quad;A1QDO10YVE
835;imaginator;7JZB0ACE8D
836;pars dolorum plorum;H5OPZMPCYR
837;cognitio, gravis;YBRE8J4FTG
838;quorum eudis;8YL6M3LLHD
839;vobis fecit,;2JLPY1E8JF
840;ut novum eudis plorum quo;BLNJM1SATK
841;et Tam e cognitio,;MWP4S0LQDA
842;manifestum;D97TJK21KX
843;quantare novum et;QM0I2HJS7K
844;eudis quo Tam plorum;BXOZU9ENT2
845;Pro et novum e;U7EBSI77RZ
846;quad transit. venit.;65349X36K2
847;cognitio, fecit, linguens;DYA4JQTNX3
848;Sed bono plorum nomen;IRS4QP1LZT
849;funem. egreddior;GQIWQZGJMI
850;volcans Et;YTG1NYHD42
851;Sed brevens,;TNBB56E5Z3
852;travissimantor;CHKLN0T6DH
853;manifestum;CTZNP123LO
854;quo funem. quad;QWVKEU95HI
855;pladior estis Sed;VGZG1BHKXO
856;manifestum;YAIBIGC2VH
857;habitatio et pladior;EQNQ2LZW7Z
858;in fecit. fecundio,;AYJN8ZRM1Q
859;manifestum;HYK22BSTEN
860;homo, transit.;G28TB8VK0H
861;plorum Tam manifestum;MZKSU7CB8F
862;delerium. quartu pladior;49P50IN4EK
863;Pro dolorum non;PHGFFOIRGP
864;quad linguens;7CKIAHLG3F
865;Tam in cognitio, si;SYZ358CXW2
866;et nomen non nomen;XA2CFSOTGY
867;sed vobis et quis bono;B1DLH86IYH
868;quo, transit.;JOIFBIAEJS
869;in trepicandor;JEAFY1SRAY
870;quo Id Longam,;UNXQKQ4QD4
871;quad habitatio cognitio,;NQETZG5I2F
872;estum. quo;KIYA2A5Q67
873;novum quo,;CTVIKYKATE
874;in quad fecit,;CRJ141CMRW
875;pladior manifestum;P2ES9NULNY
876;nomen et habitatio;CDKYGV6YSL
877;bono travissimantor;Z66R153DKG
878;Et essit. non;K3S3SPWG8R
879;et non e vantis. quartu;DE5G5KGFS4
880;Tam parte parte;Z38LIMOH9D
881;quis in Et;YSH5D3H2CD
882;quad quantare eudis;BSSLKZIX4O
883;Tam rarendum rarendum;E3PV679RQH
884;Sed linguens cognitio,;UGCZ07CXPS
885;regit, pars;0RFTW2OZC9
886;funem. quad;NEDGHXATKM
887;nomen glavans cognitio,;2YC9KZAK6Y
888;transit. e;M3YFCA63R4
889;linguens travissimantor;ZSYMKPFNW7
890;e et pladior;JPHHNHOOR2
891;Pro si in novum cognitio,;5RAH2KZMGV
892;gravis eudis homo, non;1YJAYFK5J2
893;et fecit, pars;GJ8YVNPE2D
894;vobis Sed gravis;3N6C2NUN9Q
895;rarendum quorum;6NIXCI94LI
896;imaginator quo nomen;VBQ93OCX2T
897;trepicandor;3VW3MDXBWS
898;Et quad fecit, Longam,;6DKGXB65YR
899;et et in et gravum;8SVMSJ5BCO
900;venit. quad non;7KM18WV7AM
901;Id in quantare;B5CONQ1QWV
902;esset et fecit.;OM38ZKD5KF
903;homo, funem.;P60TW299QH
904;quo, non manifestum bono;6GQ94WE9LR
905;Tam habitatio non Multum;0V0XZWBT51
906;dolorum dolorum in fecit.;HG6NTUYGN4
907;regit, pars quartu et;WFNIQFGQBT
908;delerium. ut eggredior.;365SY2CXXC
909;Id linguens non gravis et;KZ93G2KB44
910;transit. Pro;AYKAH6VCFQ
911;non vobis venit. si;EDZI1WW3P7
912;quo, parte;5UO8MZE6ZP
913;plorum dolorum sed;LW68OL61KX
914;nomen essit.;SKW3Y1NF0E
915;esset non Versus dolorum;WSQL8JWY9Q
916;quantare Pro quo;FR3BS8AXNM
917;quad fecit. eggredior. ut;623CJ1CIKO
918;imaginator;BZDH2CM5LO
919;essit. Quad;P45ZM8E43Q
920;fecundio, et;GMOIW0VLQ5
921;in quad quad;WF4XB6YAI1
922;dolorum cognitio, e;WCY6JE43GK
923;Multum imaginator;NIQTJGL9ZX
924;Multum brevens,;A8PVOX86S8
925;Tam sed si;NQBJPHHHMP
926;eggredior. apparens;3SL7HMIP81
927;non gravum quo quartu;T2QHNP6VAS
928;vobis vantis.;1V0HZQ4SIA
929;ut imaginator;G4X9HFLO3Z
930;egreddior et;TW9T8URARE
931;quartu funem. dolorum;JQQ6ZMRKFJ
932;gravum et Sed;FMLJD8R9MP
933;funem. et rarendum quad;H1486HA17J
934;quo Sed habitatio parte;DL7JBGYWIJ
935;quartu esset quad gravum;9HN8PGIJIS
936;eggredior. nomen in parte;Z9O1RGAAEB
937;Id et Versus quad gravis;G80CUWBAQ6
938;glavans gravis habitatio;FSNKYSTIN0
939;NULL;1LXU9OIL75
940;essit. Versus;81F7CMM872
941;linguens essit. plorum et;YTVE7IIHVN
942;brevens, quorum Sed;97EFZNMS4Z
943;volcans si;QKM4QG7WFT
944;trepicandor Tam;UN3ZUH03P9
945;linguens pladior;8R8TXMYLFX
946;linguens quad;33BS2R2AZ8
947;imaginator;4CRB0S5S19
948;e estis e et;OCUWXIKXTE
949;apparens et Pro;OJ0O2E80FA
950;et et apparens pladior;1MW1MM6GNW
951;quo quorum et;IFYY6UJP1E
952;et et nomen sed;YN8ACQRJ0T
953;egreddior quo bono eudis;UA7ZVWYRDQ
954;nomen nomen fecit.;R1KP38EHQ9
955;quoque estis Et nomen;9O8TBAGO3V
956;transit. quad;7LNR6YMRA1
957;quantare novum;NW6QMMJ5J3
958;vantis. Multum fecit,;F1IQ1LNAOM
959;gravis quad imaginator;OTZ1C1FUYY
960;Multum non;70CMLNT5YB
961;dolorum Et esset e;65M8FW13ZC
962;imaginator;88DQL9HPP5
963;quad manifestum;2UHEF00GIN
964;NULL;NULL
965;travissimantor cognitio,;PNUF4LITUZ
966;eggredior. essit.;RS49U2JN9M
967;plurissimum vobis;33RQ1H03IU
968;transit. quantare;5IPV55W6WA
969;gravum estis;12PA55XXUE
970;et si eggredior.;UKRODK1SQG
971;Versus imaginator;0NLJYXDR3Q
972;nomen plorum;Z1O1QBV6LZ
973;glavans trepicandor;ON54HSC43J
974;non vobis venit.;V12PM60J3B
975;gravis Multum bono;BKPZCTPWKU
976;apparens quorum;NZXDUGLEYM
977;manifestum et;C6MY0PP62V
978;non venit.;XCLEHGIF7Y
979;quad pars linguens;OE3S8CKXPC
980;gravis Versus;A8JCDS07ES
981;essit. quantare;L1KSFY4VIF
982;ut gravis quartu Tam;JH8V8GDM46
983;apparens quis quantare;T2DV43PFZK
984;novum quis;DS18GWLTTT
985;trepicandor quartu;8O14HKJURN
986;apparens funem. volcans;W8HFKT153F
987;non eggredior.;J4GU00G0BC
988;Et quo fecundio,;4TOT0M5V5S
989;plorum Et quad;8VSQ1CSSNQ
990;et manifestum;R4WNNKJDRC
991;novum Longam,;14OQQSF079
992;volcans bono novum quorum;6WL19Y48JP
993;Quad volcans;U1JWDYLCS1
994;gravis funem. esset;GTO2BLZCNI
995;transit. Et;3Y02LAK9IT
996;NULL;X9M6TFGFVG
997;quad plorum et;6GRD7NI861
998;Sed funem.;UXLWADARJJ
999;gravis estis;DWEF4SKW7M
1000;et apparens;HRJA82XQ9N
1001;quis si apparens pars;BFOKW4344X
1002;plorum rarendum non et;Z2VYRIPO9U
1003;funem. in Sed;BGTD047TS9
1004;quad fecit,;CLZRJVFT3I
1005;eggredior. eggredior.;ESHEAAE1KD
1006;fecundio, si;B38RJ4YWA5
1007;non pladior plorum;FPAZ0YU9FR
1008;Tam novum e et Sed quad;P11VLUXFRO
1009;novum apparens Versus;69VJSCAU68
1010;gravum e volcans e;LCR3AAF6BX
1011;Et vobis Versus;VE6PNJ4ZVE
1012;funem. volcans;9J14H6HYKK
1013;eudis vobis;9GO4HJMZKD
1014;delerium. eggredior.;QEHC2ORQ6D
1015;transit. eudis;G2826S9PCC
1016;esset funem.;M4Q0J1LCVT
1017;Quad estum.;1SNM53T7UE
1018;novum homo,;7ZMWFCTQV1
1019;linguens sed;WRCM25Q4TH
1020;gravis funem. vantis.;P1FFJN5V5I
1021;novum nomen esset quo,;SXQENM9J5Y
1022;Tam Sed essit.;6WVAI1OHQK
1023;fecundio, nomen;NULL
1024;novum estum.;ZAKGZS5KZW
1025;ut gravis eggredior.;GZEVNI3VAC
1026;si et quartu;ZVJJ9547NR
1027;plorum non esset;FYFT6MHDLZ
1028;Tam fecit, Id;TGWVMD5DVA
1029;manifestum pars Et;PAPWGI0FR8
1030;imaginator fecit,;KJGGTBHDXR
1031;quorum cognitio,;623MDIQ1AW
1032;ut et plorum transit.;E853A6YC57
1033;quorum essit.;7VCF6JUWHD
1034;plorum homo, fecundio,;F4NTT5IPQX
1035;plorum quad;048AP1AFKL
1036;quis ut quis;LU89YB67DF
1037;gravis et esset;5S0GGCSUFH
1038;Multum et novum;IV86VUSL1S
1039;si Et quartu;DJTKJ77IIK
1040;et et trepicandor;SZGA9KXMQ5
1041;plorum transit. brevens,;XBD1RFCFRD
1042;apparens quoque;HEHNWTLMXZ
1043;si estis non;828QLK7NE2
1044;linguens in;RLH7HFS62S
1045;NULL;EH1SMO4138
1046;Et volcans fecit.;U2AS1TS74Y
1047;quad vantis.;ZNV5OB6UQW
1048;si quartu regit, Tam;CNROTXJJDY
1049;apparens in delerium.;5QEWODYEVO
1050;novum volcans Pro;2HEWHZSV9I
1051;Et Pro plurissimum;JQN1C0UNKK
1052;homo, Multum;NULL
1053;apparens Quad;QH4RRMSVC0
1054;glavans Quad novum;DLAAWGJQIP
1055;in plorum quoque;F7N9N1YK73
1056;fecit, Tam;PQWRP763D5
1057;nomen estum.;XC1R24D4U2
1058;novum Multum;Z2X3IZQXSS
1059;quad non non;0WJE4QBKEB
1060;trepicandor vobis;PAB8WZT639
1061;pladior si;1QTUMP6CGD
1062;trepicandor;DC57N0MS9N
1063;et volcans;EDNSA2R3LP
1064;quartu et imaginator;PUSKA4LD2V
1065;novum pars Longam,;SWY2OBTJAZ
1066;manifestum trepicandor;PCG6UF4KCR
1067;ut plorum transit.;3NAF3QI6WK
1068;fecundio, brevens,;7KRT7EG92E
1069;quoque in non vobis;15G33969HI
1070;homo, Id brevens,;LTBS973042
1071;Quad quo brevens,;84WE17Q42P
1072;glavans estis;RL4Z0M9ZN3
1073;ut brevens, Sed;RYYHF4861A
1074;fecit, gravis;YXB6P8ZJDF
1075;sed si si Quad eggredior.;S1QN97HR4F
1076;brevens, quad;ACXGJSLWWN
1077;e et estis et brevens,;IM6OTX103P
1078;eudis venit. Quad non;25WRRU0OA6
1079;transit. quad;ZNY88O6YHJ
1080;fecundio, eudis linguens;AI3HLEKP3B
1081;quad e et volcans Tam;RASJS0QV7D
1082;imaginator;PNJPKODT58
1083;estum. et vobis;0VENA8M4K2
1084;esset glavans;PVNGPV67LB
1085;et non novum;YTGXWTWC95
1086;e bono trepicandor Id;SAW55QH93S
1087;funem. et quad quo;7XN23ZHNYN
1088;Tam vobis ut parte gravis;CWL6CCS88T
1089;quis quad gravum apparens;O2DJKPGQC8
1090;non quad fecundio, gravis;PLIATQWUM7
1091;sed habitatio in;5Y0JZD4HUK
1092;trepicandor quorum;U9KOJFR77A
1093;eudis quo, Versus quad;G6ZN2J2BD6
1094;Tam sed essit. regit,;9XFJ0Q2LVD
1095;linguens plurissimum;AR8P46H2FZ
1096;esset e rarendum;PHTJBBLEJ6
1097;novum travissimantor Tam;P0N90E04MF
1098;linguens vobis in;5W8FCEWTAR
1099;essit. Multum;67XQGFR0GT
1100;eggredior.;1282V622AD
1101;eudis delerium.;NCXBWY7IPV
1102;trepicandor;JTFBAYLDLZ
1103;in esset Id;ZV56AJQR8H
1104;gravis estum.;IKLS4JSTX4
1105;quis eudis nomen Pro;KJEMJV4GWR
1106;fecit, estis;EC25POOSYM
1107;rarendum fecit. homo,;QBUQHT1LS1
1108;quo estum.;QBMRNZUMSL
1109;pladior sed;T68QYT4555
1110;eggredior. quo;KS2SSEAFBZ
1111;fecundio, non;9MRJX0OYBU
1112;imaginator;PIOHQU7GNW
1113;nomen Longam,;3QUOV7FBC9
1114;quo cognitio, quo;6WMZFV3G6U
1115;apparens quo;62K3ANF7UC
1116;si vantis. Et;BJ0P95HIZH
1117;regit, quad gravis;OBRVRFBC6P
1118;imaginator imaginator;AKR3RWRW4E
1119;quad parte si;NULL
1120;et estis delerium.;FL3ZQMYZOU
1121;non transit. bono;1D9CFW0WI5
1122;transit. gravis;68GX5EKQ3D
1123;habitatio in;ZV6RROOE61
1124;vobis Id linguens;ZIDUFGVV8W
1125;et manifestum et;FEUISHKEXQ
1126;linguens e;AED5N4B73Z
1127;novum quo, vantis.;W9XKAY4V85
1128;linguens gravum;NULL
1129;quo quis gravum estis;FGSX9V7UR4
1130;in pladior Versus bono;28YG9TQK0S
1131;vobis homo,;GILL86LA1I
1132;in e quo novum;GYXDQVF097
1133;dolorum gravis;C6PLTPA5O4
1134;brevens, si quo gravum;V09BNN08H2
1135;homo, manifestum;AR0JW3U40I
1136;et habitatio;L6EVNCW0WU
1137;quo fecit. Et;F3W3E7SZ1Q
1138;parte delerium.;AWYLAS7AJ4
1139;essit. delerium. et;IF3XSZNCH5
1140;novum nomen;NCWNSPNB0H
1141;quorum transit.;SWIX223SMA
1142;Sed gravis;WKH0HFTBP9
1143;homo, in Versus;28LOMZIN84
1144;brevens, funem. sed si in;VM7EUXL8OI
1145;eudis quad;5FC5S77IOS
1146;non egreddior;5T9CEF4AZ1
1147;linguens e quartu;VOVS2LWQHK
1148;glavans quad vobis;435BG7AFPF
1149;linguens nomen;HGD4HI54DJ
1150;linguens non;RKNAZ5LMYB
1151;in transit.;1P662ZW0JC
1152;novum non delerium.;M6EFX3DLC7
1153;cognitio, habitatio;8BLO674U3H
1154;fecundio, quad;OENYBG67D0
1155;in Quad glavans;TYGVK7I9DY
1156;homo, gravum;HGVKETPVP9
1157;volcans Id;PI0RZRWE5T
1158;Longam, gravum;PHN7ANXBT4
1159;et quo et regit, glavans;2X63Q2DIHB
1160;Multum bono Versus;D9YVS8QCYS
1161;quartu plorum;XRDX6I1YDF
1162;non Id quis quo quo,;QF3KW1U1NC
1163;plurissimum;E4E9EUOLH6
1164;Versus plorum Versus;AZFPSVUGJX
1165;manifestum;1IJS8BPHW5
1166;nomen pladior;OC9JW479RX
1167;fecundio, Et;K43568Z77T
1168;bono quo, in esset;J3VQMMDW09
1169;imaginator non;VB2G8ZQ896
1170;e manifestum;VYFO24GIPX
1171;venit. pars quorum;DT5O6HLWUX
1172;fecit. novum;J8R3QZ0GYJ
1173;vantis. plurissimum;L8WBXJ8GIJ
1174;non regit, travissimantor;8Y8AKS8NDB
1175;travissimantor;YF6WZEHI8Z
1176;funem. travissimantor Et;87XRVJ1OEF
1177;e Tam quad sed vobis;G0TUGE78B6
1178;habitatio eggredior. et;L9H41JUYZB
1179;funem. Multum quad quo, e;5P1CSXPLOW
1180;e non non gravis ut;LZ525X2A0N
1181;parte si brevens,;GMNAQIITGF
1182;in in vantis. funem.;CU4S3MAJQH
1183;trepicandor egreddior;0NIZYEWWPA
1184;apparens manifestum;89FPH663VG
1185;quartu linguens;KMAYCUF0HX
1186;glavans Longam, vobis;KLZSRJ3XJQ
1187;travissimantor vantis.;XLVDE43CMM
1188;gravum Sed transit. et;U3VO022GOT
1189;brevens, plorum;TOTPPFNZXX
1190;manifestum;TPO2YFBW5B
1191;quorum fecit, egreddior;5RWW3J1U31
1192;et Multum nomen vobis;FS6KPFOOMO
1193;funem. e glavans in;E96ZX3M5SN
1194;quo si eudis quo si in;1J1SSC4Y3U
1195;homo, quad;W9WWEQW7GO
1196;non gravis;NDMP3LX8X8
1197;in parte rarendum;8QMIWMCKNL
1198;estis quantare;0DW21PW8K7
1199;quo, et novum quo;XVO638I1UW
1200;imaginator Pro;M169VU9VV0
1201;Et quad estum.;ZD8S1K7COO
1202;plorum homo,;QTQUPJ32MQ
1203;gravis in eggredior.;URVVRT1ZOB
1204;esset in e;EVAYA7XTI7
1205;plorum quo, in Tam;KBDI14QSTE
1206;si in et Sed et;8IGX5TEAPZ
1207;ut gravis eggredior.;8EUJR8W4S7
1208;Pro fecit. brevens, Id;D7KI8SX8WH
1209;Versus quad;MNRHC14F8H
1210;non Multum;T2YNHDHVPM
1211;essit. delerium.;O59DMKMDH3
1212;imaginator;5R7S9WUZDZ
1213;nomen Pro egreddior;WDHJLAJQ0S
1214;in gravum in;1ZM7YEKSVZ
1215;e e esset sed et regit,;KW7GP3L1P9
1216;manifestum si gravum;K8VW2ZBTR3
1217;estum. linguens sed;PP752XFFK3
1218;nomen non quad;JTKC4LF4Z2
1219;regit, fecit,;GEEB2BLH27
1220;delerium. non e;37H8J1NLAO
1221;si si et in;HP2BQUPDM4
1222;Longam, quoque Id;H9TRQU3T31
1223;novum brevens,;8QCVW2EGDS
1224;et si delerium.;YXO9QLRROK
1225;non nomen linguens;OQ7FRBSHGL
1226;Quad bono plorum si non;KGBYUXNZ6Q
1227;brevens, ut et habitatio;YBV2H4I2BD
1228;et bono fecit,;21MNHA3NVB
1229;trepicandor plorum;HC8XRQT4PE
1230;cognitio, volcans;3RWJPUOZD9
1231;sed novum Id Tam et homo,;9EAC7GCWIU
1232;Longam, apparens;0TJUJCR97N
1233;Id Id glavans;MYURYL8YVY
1234;et novum Et;E3UNFJCRTW
1235;homo, rarendum regit,;TQ20UAC831
1236;et quad estis;CRBHFIRNJZ
1237;et Sed cognitio,;CEF0WW7XGU
1238;Pro brevens, homo,;153PYQYMNV
1239;venit. Id quorum;YQ2BX4T05D
1240;Tam habitatio quo;HENKUEG05L
1241;manifestum quad Versus;CQ6DPK0PXB
1242;quo et in Quad Id plorum;QGPYLY33FO
1243;non fecit,;FNP1DWJ5MP
1244;eggredior. quoque;DEB4JE90GF
1245;in novum travissimantor;1N7UWTHW25
1246;cognitio, vobis;PAIOO635RP
1247;egreddior Versus apparens;Q2BMGFOUF7
1248;vobis si quantare plorum;5M2UJZQOPM
1249;quoque fecit,;FP0MVQ3WBO
1250;regit, transit. homo,;AX4J9D288Q
1251;NULL;H5WLUN4F2Z
1252;nomen ut fecit. non nomen;VMLLTJYRJW
1253;et plorum linguens fecit,;KB5PZQDMHE
1254;novum estum.;Q7VP9WFSVM
1255;ut e gravis;61HXNJI9H7
1256;et glavans estum. Id e;ZKKG4OD1GH
1257;novum brevens,;RWEQ391BQ0
1258;quorum trepicandor;Y53712T37X
1259;cognitio, Id e nomen;W7A5TRRET5
1260;in Versus imaginator;GAKJXF985G
1261;quo et linguens funem.;3LEDXMB8C9
1262;Quad Multum;UZ6FYG9KC6
1263;non novum parte;UPTMI5EUZR
1264;dolorum imaginator;44PQFU42LT
1265;Et plorum sed;NFLCHHSYL4
1266;Sed fecit.;CRPKA36TIA
1267;quo, transit. homo,;EV2Q70FF9K
1268;eggredior.;Z1D16NX106
1269;vobis esset quantare;ISY1VJ0WRA
1270;fecundio, Longam,;N1PAQ9RJ6U
1271;Longam, et;FRN79XIWG9
1272;glavans si habitatio;1D9S65VECS
1273;nomen in volcans estum.;FEBCWWOAHZ
1274;regit, esset plurissimum;HC7EOA3EVT
1275;funem. essit. quo,;S0C0Y2MNSH
1276;Id quartu gravis;SB8VW1L86R
1277;travissimantor sed;JVXLSGKAYX
1278;quis gravis volcans;4MBZWXLNT7
1279;quo quorum parte;9KV5SD2SMM
1280;et esset gravis;XGG2D953HI
1281;et pars pladior ut gravis;Y7MKX5NNJX
1282;eudis in glavans;JMDQNN686B
1283;non vobis Tam non;KOUJTKBHQP
1284;plurissimum;ZLNI8GX4Z3
1285;si plorum manifestum;9WUPNMIW9C
1286;quorum linguens;RNXPEB3B16
1287;si transit. e;2MR24FQB2B
1288;nomen trepicandor et;YEYO3WOZUG
1289;Tam essit.;0TZKI2L1N1
1290;transit. travissimantor;BU7XKI26YA
1291;homo, esset non;NOJRP76M2C
1292;regit, e apparens;WMX3JXNP0O
1293;eggredior. novum;J23G5B6WNI
1294;gravum gravum apparens;D6A1QCEU1Z
1295;eudis volcans;TXL0HY5I89
1296;pars esset;K5GN81VG5O
1297;Multum si egreddior;18RSI6BB6M
1298;linguens nomen manifestum;H96V5T7R59
1299;plorum non plorum gravum;EM5K33CYKU
1300;nomen quad;TWC9PGZ7W2
1301;volcans venit. estis;GO6HDV18DJ
1302;Multum cognitio,;FU4MX37Z71
1303;quo fecundio,;3GAJW4QSYD
1304;plorum plorum;25HDLQGXCG
1305;quartu et Pro;2GI42JVZXU
1306;e quo et manifestum quad;7KQ6TZXILL
1307;Longam, funem.;VRZ5JHGIAP
1308;fecundio, Pro Et;9DT1S16WYF
1309;novum e apparens volcans;SXXNEWH0TU
1310;non delerium. rarendum;PLQ4X0EIEK
1311;nomen vobis gravum;EACDS6VBPM
1312;delerium. in gravis si;5Z18V2J19W
1313;quad in et;0O8AN45IF1
1314;eudis bono gravis Et;7IMA14A4H5
1315;non vobis gravis;RFR3P4BZDA
1316;dolorum si;G9N5HJR577
1317;quad non trepicandor;0RILK1FQ4E
1318;gravis sed trepicandor;EXSJKF16GO
1319;quo sed egreddior;J2DNWNRDBX
1320;esset gravum quad eudis;VF0K3JAJM5
1321;plorum cognitio,;MUQCXZB40Q
1322;non quo Tam;57G7X5RZQ3
1323;e Quad glavans egreddior;02DJ0BHWW1
1324;quoque bono;AFJWJPR16W
1325;plorum parte;M9T3WM4SME
1326;novum funem. et;QUOZEY0N4U
1327;Longam, estum. pladior;GW0O1M17OW
1328;homo, pladior gravis et;CF3PWFVR4F
1329;estum. essit. nomen;4PO8JBT1JS
1330;glavans rarendum eudis;GSW37KIQEP
1331;Et eggredior.;RH8VO2LSCQ
1332;cognitio, linguens regit,;5RBZS3QEND
1333;NULL;JZATS7A9D0
1334;Et vobis non;VX6ZNMQGQG
1335;cognitio, parte et;ON5S8SF0Z2
1336;linguens pladior;NULL
1337;novum non bono Et;LY9KV9DI2C
1338;non quo Et;KVESTF3O6N
1339;imaginator;FANO0ZIUD1
1340;Multum esset;0B7P2RH28D
1341;fecit. bono;Y29EFYZWBV
1342;quad fecit. linguens;VIZW78E08Z
1343;Versus imaginator Versus;1V2K3CC63F
1344;si quorum si delerium. si;PCLEMKJUGP
1345;non Tam quo, si;RGOQ5K8O74
1346;pars funem.;80DBUVNK4R
1347;linguens estum. Pro;HTNBSMTHDI
1348;nomen gravis;E3MVD6SYF7
1349;eudis plurissimum et;Y3K1APO7WK
1350;quoque non Et quad essit.;YYV2URMUQR
1351;et delerium. in;8L9PYHGR6C
1352;in vobis fecundio, novum;9VJQQB4S6L
1353;plorum quad quo;I5N0AC0CKG
1354;ut gravis vobis;PVZRLR6R4E
1355;quo, venit. vantis.;DO0J31AQXK
1356;vantis. glavans estum.;T341X73RUR
1357;quad quo parte;S6ORYQCMEG
1358;transit. ut quad;YRY0R9Z1TI
1359;NULL;12VNKTZODJ
1360;in ut linguens;8WTUC2KEB6
1361;Pro Longam, sed;R5C2XFURSY
1362;quorum essit.;V4MVB6IMQ3
1363;Multum linguens;6J26XWXHF7
1364;Sed gravum;UAQAHWJTLQ
1365;fecit. cognitio, et si;L1P7GQEVOG
1366;eudis quartu quo Versus;AYS0QIXUBI
1367;vobis ut Pro;59C50OM3WH
1368;vobis si plorum;CX0HPG63JI
1369;e estum. Pro;RZRHH51WRF
1370;novum quo fecit. glavans;6VFVAPP8LJ
1371;Sed quo in;NULL
1372;in ut si fecundio,;KMVZ8TGN8Y
1373;novum si quo;VICDJ7H2ZQ
1374;brevens, estum. habitatio;0R42T6HDBX
1375;delerium. non plorum non;4F4MHW7G36
1376;funem. volcans;A0WIW6IRJJ
1377;linguens non;9L4V6ZA6VN
1378;fecit. eggredior.;4EX9WQKUJN
1379;estis delerium. novum;OG46A9AVJD
1380;et venit. quoque rarendum;86IIMQ85WB
1381;quorum funem.;NULL
1382;habitatio plorum parte in;AVILN9S6OZ
1383;glavans e transit. fecit.;4XNQ0O0V03
1384;pladior Tam Multum quo,;Y5QQE3ULDQ
1385;quoque estum.;Z68OPM13CO
1386;esset quo,;Z1LVVQJ50B
1387;trepicandor nomen;OXCUXVOC2L
1388;quo venit.;BXGIBZEUXQ
1389;venit. nomen;R5O4I8328Q
1390;novum travissimantor si;EHBBUO6E0L
1391;Versus novum;HQOEDEKR6E
1392;Sed si quad plurissimum;S665SCF80D
1393;quantare linguens et;TIZ705PNIQ
1394;e fecit, vantis. apparens;6OYG4VPIGJ
1395;nomen quartu quo et;KP44OWUZRL
1396;rarendum ut cognitio,;PW5F6DE1IV
1397;essit. funem.;H0I7C7KJIW
1398;Tam vobis non;QY92VHTTJZ
1399;non plorum;YZ2BOOB3E0
1400;transit. quoque;H84MGJME82
1401;venit. plorum;G6753IX8PC
1402;fecit. e quad eggredior.;R1I51IV7FH
1403;regit, in quoque;IG1X90964Q
1404;fecit, fecit. et;OIV3JLT56B
1405;e quad Versus;CG33BI3I0M
1406;gravis ut estum. et;8NQ368XZJ7
1407;funem. cognitio, vobis et;4D09XZAD9B
1408;bono estum. essit. esset;N4LU5OQ2MQ
1409;quorum plorum;VA7DFEK86R
1410;cognitio, e;ZCQ31L48MD
1411;regit, non pladior novum;B0LIC389GL
1412;plurissimum;4HP2JJWT14
1413;quoque et eudis;Z5831N4YE3
1414;egreddior quis quo, et et;DZ7RX2H0XB
1415;travissimantor ut et;B88EZ2KBTB
1416;gravum volcans estis;60G981K4H7
1417;esset Sed brevens,;H4QURMTC17
1418;quartu parte;YT0VNN2E2A
1419;nomen Tam homo,;1S6ANUFFSU
1420;regit, volcans;SR4N4AYIHA
1421;in delerium. et quad;D2N8CDX235
1422;homo, si non;53XOHYZWLE
1423;Id plorum quo;309Q0JRFJT
1424;quo, egreddior;VF3MEH1IQR
1425;delerium. sed estum.;NULL
1426;travissimantor;IL1PGT0JKO
1427;vantis. in e Longam,;EYMZLDDBOL
1428;plorum Multum;47IKUJIU3O
1429;bono quad eudis delerium.;EHOPA3YE08
1430;cognitio, novum;4150FVO4E3
1431;venit. et et bono;2GT7VZH0PK
1432;regit, egreddior;7K5AW3AC9K
1433;non quartu linguens;S3GFU3M6Z9
1434;vobis si in;AF7V27YXZJ
1435;gravum travissimantor;0TKV4YLT2T
1436;Et gravum si quad;UNQQF5DEIK
1437;quad bono fecit. quad;39P3003DBL
1438;estum. Quad;02NUZYNL67
1439;quo venit.;RKJ5BRTJL0
1440;plorum apparens rarendum;6QA51YKQOI
1441;Sed Pro funem. quo et;6NN3L6FQWE
1442;Et e quis egreddior;TH5JUOBKSZ
1443;Sed in essit. quad;UVWJTXP1GJ
1444;volcans quo plorum non;UDWI86N4V3
1445;estis quad;KXT0I3VE4P
1446;ut e linguens;ITR71CH0VY
1447;quis Quad imaginator;1NRMCG4WN4
1448;egreddior et;1BYQTEL51E
1449;Pro rarendum;WV3Q05BMU8
1450;quorum parte et;GW58WQF972
1451;e Et fecit,;YRG8AI3EQW
1452;imaginator pars;YRWIMFZK19
1453;trepicandor;7V2LKIUQS7
1454;Id nomen non;2WC9RVSJFI
1455;funem. Quad;RXECD4ZAN0
1456;Et imaginator;MKL6PXKJ04
1457;sed Quad eggredior.;YOZ5CO4RHU
1458;Et bono quantare;934684QQHK
1459;quorum glavans vantis. Id;J9SOL5VYVH
1460;non quis fecit. bono;9YPD7SB5VI
1461;quad egreddior Sed quo;SAH1IPGT9M
1462;manifestum essit.;Z4PDN3YWJY
1463;non estum. ut fecit, Pro;FT6GVWYFBP
1464;quad gravum;UHH6JN5I28
1465;fecit, Tam;CZLNU477YZ
1466;novum venit.;GUNV1UJVUA
1467;eggredior. imaginator Et;JA8VHKAQ1W
1468;Sed quad novum eudis;8H6V72T74Q
1469;e essit. fecundio,;30MINMBY6E
1470;pladior eggredior.;3GAFYNNX7X
1471;glavans quoque quartu;DM6P5MH1M6
1472;pars trepicandor linguens;2779YXNE3P
1473;cognitio, eggredior.;BDQLS36J6I
1474;manifestum si;8N0CXHPH5R
1475;quo dolorum;MD37POQ9TU
1476;nomen pladior;NATYKUDU3Z
1477;venit. estis;IZK9LZ6PMJ
1478;Id quo, ut e transit.;LRCIKEHSXP
1479;habitatio Multum;20PJZXV3AO
1480;novum quis;NU4MG2R238
1481;quis gravis;PO1L19YCA1
1482;linguens Versus;UWKJ2Z9UI8
1483;si quo, parte apparens;V4HEXYF1VM
1484;sed eudis et;GA0HDVL4YE
1485;e novum delerium. pars;D072W0ST9P
1486;et plurissimum Longam,;FTX3NB0X86
1487;egreddior egreddior;EG9ILLE8DA
1488;quo, in quantare;6QH6V1E92C
1489;vantis. homo, Versus;3V6KA79405
1490;et gravis nomen;QMRSDF6E0C
1491;eggredior.;JN6MHGYIZ4
1492;si cognitio,;OCEB0B6Y8A
1493;et volcans non pars;NZVE2NZ2NB
1494;manifestum;0BJDNQT6H6
1495;volcans homo, Sed;GXEE1EV813
1496;apparens si pars;U07R2DAJXH
1497;transit. in;AB2SNOG52S
1498;quoque transit.;9JX0OLL7FA
1499;e linguens;8HJ6WNFVY8
1500;linguens glavans gravis;HN3C9Q7RW0
1501;egreddior quorum e;AQOT2POXP1
1502;esset fecit,;03K9HSSQ7T
1503;Id plorum e e quad;C1AWBCU0ND
1504;egreddior quad cognitio,;87SI2LP60J
1505;e sed et quorum;TNZRZ9FZ5T
1506;Et travissimantor pladior;ZDMJ5DB3PE
1507;glavans delerium.;QUDGZP600S
1508;et Id e dolorum Tam;H7NXKDKLO7
1509;dolorum funem. vobis;17FVIGCVXT
1510;Id gravum quartu;IW4DIAPS5T
1511;quantare Versus;7WFW8TYI4Q
1512;Quad funem. transit.;9T5137QO5U
1513;Quad Et estum.;0PQS6VAWV2
1514;glavans sed in estum.;N0IGM8JWFP
1515;manifestum Id quad;GNB8G6H1HO
1516;vantis. non;9VP5FM387U
1517;manifestum;M65INKI58F
1518;essit. essit.;993HYE3EUK
1519;pars eudis;3QNQHSWT6H
1520;quad non quad;F052XJXICF
1521;estis quad esset apparens;1MG1YNO4TZ
1522;quad e ut eggredior.;N2FVX3Q8E8
1523;quantare Multum;CT3CVHKGB8
1524;essit. plurissimum;ZO09FT952N
1525;si volcans Id bono;0D2N2LUS31
1526;esset quo et essit.;B9NYMR7KDO
1527;manifestum non;33QUNNWY96
1528;rarendum Versus;FTP98EYMI4
1529;quo, nomen;4CRMG7IXIA
1530;ut brevens, linguens;T9YW7Y6V4R
1531;quad regit,;8TU8CISLQ5
1532;quo quartu Sed;LZD316PGBO
1533;quartu Multum Multum;7ZGAB70FM0
1534;Id in cognitio,;F4XS7UZ5WK
1535;linguens ut quo funem.;RNZI4XZ6NG
1536;eggredior. quad rarendum;GMUS17LLBI
1537;et rarendum vobis et in;NULL
1538;quorum quorum;VJ959ZUH6R
1539;manifestum;57SBT33FGC
1540;quantare et et Quad;ENAXFTSKB8
1541;in Quad et Pro manifestum;QSF8YO0C69
1542;quo plorum;9HMZQDHHV2
1543;transit. quo pladior;K5MVBJ1PMG
1544;pars bono glavans;LH0VK5FE45
1545;et venit. ut quad;5DTBF2E2TD
1546;apparens Longam, in;07AM3CGBGN
1547;novum egreddior;AV4YVTC2GY
1548;funem. quantare;KZ81Z4YBJM
1549;parte non quo non;4GTKY12XTP
1550;vobis non et fecit.;C3Y6G7LPRW
1551;imaginator;HNBD1DCC43
1552;vobis estis;PQO5AUA0I5
1553;linguens estum.;6M53SNQQUV
1554;linguens e;MZ59K0OLGK
1555;essit. volcans si quad;6D7IBWQEQD
1556;quo gravis;NGO7YKPME9
1557;NULL;04PZ19ABXO
1558;in fecit, e pladior;XGSVACTZF4
1559;quo Multum;8BPLD14VT6
1560;delerium. novum;VC3TBUG3FF
1561;quis sed rarendum esset;EJ7F39DSET
1562;linguens Et;PVDAGW962U
1563;non travissimantor;WLFSH0ZJBO
1564;si ut eggredior.;JX5DXYUI1R
1565;vantis. homo, pladior;ON7G0EJU8D
1566;Pro novum non quartu;BML0BSCTVI
1567;gravum plorum bono;UCF42ZBCJT
1568;Id Versus delerium.;QXSK10KZHF
1569;in venit. quo,;PLJRWM258W
1570;in glavans;6TV0VBKIWT
1571;estis et si;0WO8QQC8W1
1572;rarendum Pro;CMULB2OAEL
1573;imaginator;1RYP149FYJ
1574;parte novum;OKM3OWBTZ0
1575;imaginator;4H86A0HULF
1576;egreddior Pro;LUX91P8YH3
1577;gravum transit. estis;NY9Z7ERYLL
1578;in rarendum;FNHGVT9X3X
1579;delerium. plorum et;8ZR6EVLK0I
1580;funem. dolorum vantis.;LTAXBS32NU
1581;fecundio, in quo;7FARKUEPJZ
1582;Multum homo,;EPA71ZWC0L
1583;travissimantor;V1O6YIGT1A
1584;plorum homo, glavans;FRCVNBR5AZ
1585;pladior volcans et gravum;1FKM3Q46AT
1586;quartu volcans;BK93DWW8QY
1587;parte ut quis;ZAIV5CKLUA
1588;parte sed quoque;B08LBEQOU0
1589;ut e plorum;6GRMJXV928
1590;homo, eggredior.;RFA48LSLOY
1591;quad fecit, quad;E98VRLHI13
1592;quartu in eggredior.;D313ISNQL7
1593;gravis Id Sed;P8TA654W9B
1594;quantare vobis in dolorum;82IDO59RJ7
1595;novum plorum eudis;H17352ZYYD
1596;in vobis in;QJ01HECD5T
1597;estum. novum estum.;RVZK54HGTN
1598;delerium. brevens,;7RR3302WBC
1599;quad Pro Et;ICZDMOUF61
1600;vantis. sed;JAB4KXUGHJ
1601;Multum quoque;9C8ADBCB9I
1602;delerium. vobis;HCNLRISLEH
1603;dolorum plurissimum Pro;J7GRYF51UV
1604;imaginator Id;G2N4CBJ3US
1605;non parte non vobis quad;XSZHZ5COW5
1606;linguens glavans gravis;US1TLCW67N
1607;ut in plurissimum ut;SWKYM6G2BN
1608;essit. quo;DANSHFZP5Y
1609;quo, in homo,;V8U3IQ66OK
1610;travissimantor linguens;702W1J57TT
1611;quad sed quad;7FQ5SVH7II
1612;gravis quo;71B3JNQV5Y
1613;apparens et nomen;V3NQKDGJX5
1614;quo quad vantis.;Y1ECDXBOH2
1615;dolorum nomen e;FT1LYZIHXO
1616;NULL;4JNI1A3RYK
1617;volcans et plorum;G2AO69SKGH
1618;quo vobis gravis;WNTPZFG1G7
1619;quo novum novum Longam,;ZWVPVV1KP4
1620;pars regit, Versus;TCYA9T8PD7
1621;dolorum apparens non;5N0OCAOBW3
1622;linguens quad;E3DTHEWIWR
1623;NULL;GUHRO6MTRT
1624;Longam, regit,;IR7O6JQWE7
1625;quad novum;EYVXFCTSUA
1626;quo, Versus transit.;NULL
1627;quo brevens,;9756LLHO3C
1628;parte Id plurissimum;IKLMS7DSZC
1629;in gravis quo quartu;4FJWRRAZZZ
1630;Sed quad Et;TI0J0Y5EQ3
1631;brevens, habitatio;TGABSKMF2A
1632;novum pladior nomen;K2QNOUQE3D
1633;Et quorum gravum;XR3M97ENLM
1634;eggredior. quantare;4M3LFYQDJW
1635;Versus e dolorum;HXXSC9AOC0
1636;NULL;7IJ76AE0FP
1637;fecundio, travissimantor;0X3K2ESOPT
1638;Tam novum et egreddior;N95OGV5CXA
1639;novum eggredior.;IEK28RFZJG
1640;vobis quorum et novum;RXZPR6WWNB
1641;Id nomen quartu quad;IU91IUJV3S
1642;travissimantor;GFO00608Q9
1643;eudis apparens manifestum;3H8PQ3YG1M
1644;eudis novum fecundio,;PWPS69KGOD
1645;si vantis. estis linguens;CHK0R6PVFL
1646;quorum fecit,;ARRTT3FWMR
1647;eggredior. Versus;7PSA7ZQNAL
1648;gravis e vobis estum.;B5Q4QCSQ57
1649;ut delerium.;6LY1CGH0RQ
1650;cognitio, quoque;KAU7HYP4RB
1651;et essit. quad delerium.;FFM2OD34WM
1652;habitatio cognitio,;JI6B6NA69T
1653;et in gravis quantare;BKG9IUT00G
1654;e quo pars gravis;96JEAS4WNU
1655;in transit. plurissimum;ZQC06S2UK1
1656;quis fecundio,;B31MEU9AVL
1657;pladior quis quoque;690RRDI2D6
1658;quantare et;XLPXHO1X6V
1659;nomen linguens;5VFDNE9NCY
1660;glavans volcans;UK20E0PCHO
1661;imaginator;16FWGCK9XF
1662;vobis vobis;V44BEP4SPT
1663;delerium. nomen plorum;5R5UHA08UE
1664;et plorum manifestum;7U9XRXX330
1665;delerium. trepicandor;LPYV2M08OY
1666;bono nomen;Q0ORLVA8PL
1667;homo, Et linguens;7WA1GY6VMQ
1668;quad novum;S5GVL7E8MP
1669;nomen estum. non;3488ZB1TUB
1670;quis egreddior;RH2L0621TB
1671;bono quorum;F8JBQA2UHZ
1672;plurissimum;IT6S7YUTTV
1673;estum. cognitio,;0DYTZ676KW
1674;e glavans si;PO0POLRQ0U
1675;quorum Longam,;MY8E8Y36ZH
1676;Tam eudis Pro;G86CWAVMAE
1677;essit. pladior;43ISI9922V
1678;nomen fecit.;NULL
1679;funem. habitatio;7QZKLY92DX
1680;funem. pladior homo, non;68RIBPHVDJ
1681;glavans esset novum;DU4WFGTXWF
1682;Versus travissimantor non;B0FCBOWD80
1683;trepicandor;8WA0ZYJL7H
1684;non quad fecit,;TD5FOJT8G0
1685;brevens, linguens;JWR3ZDSY0A
1686;e novum et quad non;2L8MEGVDB7
1687;parte non regit, pladior;Q626V0DK0K
1688;Longam, in;SDD9VY6S9H
1689;egreddior habitatio;GAK724CC2O
1690;in quoque glavans Multum;D5K1SHSKFA
1691;Sed quis manifestum homo,;RSU85KW7JX
1692;plorum vantis.;GPRMNX97NI
1693;dolorum fecit.;IZ8OU6OZP1
1694;quartu nomen;OJRDTZRGU5
1695;trepicandor homo, quad;POV96UUB7N
1696;funem. et et non;5AV0GQQIJ8
1697;in quo, dolorum delerium.;G18UA49G6N
1698;fecit. Et si parte fecit,;6AJTK0U5DT
1699;fecundio, pars eggredior.;EEHHTI1PBM
1700;manifestum;27T1BJQ1RG
1701;brevens, fecit.;O3LGN5QOEU
1702;estum. ut et et;5MUCSAQEHC
1703;brevens, nomen;37BZIOBEC1
1704;Tam quad pars in;SPEWDVWZN8
1705;quo et et estis delerium.;9277ZQGADZ
1706;travissimantor Sed non et;VZD4NM1DZI
1707;trepicandor nomen;AT5YWXUIHO
1708;brevens, sed;UY8SBPKY1O
1709;si bono in quo,;ITEJ889Y98
1710;quorum transit. et;HSD20UIFVI
1711;quartu quad sed;95FVVBCS1G
1712;quis quoque delerium.;FABJCPM8JE
1713;transit. eudis non;3GGE8OPFLS
1714;rarendum travissimantor;XK83CDYLG6
1715;homo, regit, in estum.;ED2RHHTTNZ
1716;Longam, Sed;W1YFG2O2MV
1717;Tam gravis Quad;2CQA9D99XX
1718;ut si funem. et;T23BH78LS5
1719;cognitio, regit, volcans;RN75WWVXDK
1720;vantis. eggredior.;3AQ068GKD2
1721;estis volcans quis Sed;Q8WC4LGU03
1722;non linguens ut;PK234GCEZJ
1723;pladior quis;EYSLG1Z57S
1724;et bono linguens in;JWY8KRAGJJ
1725;plurissimum;YL5X2407Z2
1726;nomen quis;5TXJJ5FVVV
1727;quartu quartu quo;E165VVK3I0
1728;eudis egreddior rarendum;207GIYU50T
1729;Versus si apparens;NULL
1730;bono plorum;VR4B0841NN
1731;trepicandor;L63RX94MVJ
1732;cognitio, parte pladior;3RWC2NG0QU
1733;et essit. Pro;65F0KVBZHC
1734;esset gravis;MF0CQ1L1DX
1735;in eggredior.;8NDEO6HKNX
1736;vobis transit.;1ZYCWP8AW2
1737;non esset delerium.;P4HCQWFEPG
1738;e Tam esset habitatio non;IXRM575HXP
1739;quo nomen in apparens quo;0D0EE5WS31
1740;brevens, imaginator;XX8XCGK487
1741;NULL;FH0K9J14E4
1742;fecit, e Longam,;843BBIAIXD
1743;plorum et novum essit.;WZUD7VPWSG
1744;pars ut si Tam manifestum;VYJDTVCQYN
1745;fecit, vobis et quad;CO4U042UQA
1746;eudis gravis et et homo,;VK0QVB6FHB
1747;vobis pars;Z94RYPE56F
1748;parte quartu;FN59DULUYP
1749;pars non vobis quis quad;32ZC3Z1KI5
1750;non brevens,;7PVP96DFL3
1751;in novum delerium. e;Y5DKMYCUND
1752;quo, Multum Pro;051SLLF4MW
1753;NULL;AFGENLFHI3
1754;homo, non e;R4UYID27OI
1755;et Multum Longam,;SOPNGKR0HH
1756;Pro esset manifestum;6UY47BRF5V
1757;e nomen novum gravum;5EXYN311E7
1758;Longam, funem. eggredior.;IMRPZ4UPIM
1759;estum. e sed;BYZ0D5RG9C
1760;pladior non homo, vobis;HIAQHXOYF2
1761;quoque in non;XCCDIBMKFC
1762;et essit. plurissimum;S3YZMPWAXY
1763;ut novum quorum;L48E8MX1J6
1764;et esset transit. et e et;21MO0MFUPX
1765;plurissimum;SQ6SIAY255
1766;Versus Id rarendum quo;0R7442ZMDT
1767;non Quad quoque;H0XDYP9U38
1768;homo, homo,;1CI7G4N3H1
1769;Pro plorum quoque funem.;S0VGWIDU2J
1770;si manifestum nomen;A85V5B9SA2
1771;estum. nomen;1PVMWLVZAC
1772;regit, brevens,;C8WIHTRH86
1773;Versus fecundio,;B191LZBTOQ
1774;estis estis;RZ5L9LRZ28
1775;Versus regit, brevens,;SWXYMTG0TT
1776;quo quis funem.;LDTDU0WOGN
1777;e nomen novum novum non;9GWCWJ6P93
1778;Multum manifestum;X9C4MCHDOW
1779;gravis plorum;WERSWQR3ER
1780;apparens novum et et;1MH2AXWU4K
1781;glavans Tam;DGK0QDJ63Y
1782;novum plorum quad;0KIK4NFY5O
1783;eggredior.;77QMK2JHUS
1784;pladior imaginator regit,;51B7V0DJ7O
1785;quo quis rarendum;7LXKPT9E5E
1786;habitatio delerium.;X9CA3THML4
1787;fecit. trepicandor quo;CEG9WRFKMH
1788;et glavans in;FZ4PZCQ7FM
1789;quantare Id parte;241ULWJ2K2
1790;et Pro Multum bono esset;69I3FWHZLS
1791;quad homo, Sed;5TD6ET4WEO
1792;Multum et manifestum quo;3CC716I1KW
1793;gravis et vobis non non;RTV7WWTQG1
1794;nomen Id vobis vantis.;HY8HFIPXOO
1795;fecit. nomen Versus;R65Q8VAHJ8
1796;sed quo, Versus quartu;G2JA6X82N7
1797;e vobis gravum;MUEZJRZBM7
1798;novum in si quorum;S1P15OYGZI
1799;novum fecit, Longam,;SH6Y4CSPM0
1800;homo, eggredior.;FJAC8BIH8L
1801;plorum homo,;G9HL4RJ378
1802;apparens travissimantor;E2WTLNNJXL
1803;fecit, cognitio,;0M5QTGNXIA
1804;linguens in eudis;C0WGI715IT
1805;apparens quartu Tam estis;L58FFQVTPO
1806;quad egreddior;H8VGDY3GAP
1807;estum. plurissimum et;SPWW45GHR3
1808;regit, nomen;H00HD1W1PK
1809;non nomen Longam, quad;HJNL1T321J
1810;e quantare;1CIJIMQC7W
1811;non rarendum;BRUGVK1K80
1812;gravum si Quad;U8C9J3NEO1
1813;quo e quartu linguens;NZNZTIABCD
1814;novum non Pro;P7WQLXI0HA
1815;brevens, in;1HA683NPS7
1816;quartu esset;O3USWQJAWO
1817;estis fecit,;TJ5DSHPWOJ
1818;quo plurissimum si;VX5ON97ONL
1819;Tam esset linguens;ZISVT0RH7D
1820;habitatio nomen glavans;GOR1VA5ZWJ
1821;sed ut plorum et;C8XM839280
1822;venit. fecit. fecit,;0JMKXNP46C
1823;in parte gravis;QHHXMEXIOO
1824;plorum vobis nomen;NULL
1825;regit, imaginator;T6JY6SO845
1826;e Versus estis quo non;FN7EACHASC
1827;e quartu et;EHF4AHV5PC
1828;Et sed quartu;QQG0ZHWFY7
1829;quantare Multum;N1UP73K0DW
1830;e in rarendum vobis e;ZR2I2I7DYF
1831;nomen cognitio,;3XHX9D0DCE
1832;plorum dolorum nomen;LUEAK9RLPY
1833;egreddior nomen;TQOYGEE7K8
1834;quad Sed essit.;VXW89T6Z0J
1835;Et nomen si venit. essit.;D674RXXLDQ
1836;transit. vantis. si;O3R8BWMY5U
1837;brevens, novum quad;8YGDCZYEPY
1838;regit, quo linguens;BCIRCMG9ZV
1839;plorum nomen;39SG0I9D1E
1840;quad quartu novum Sed et;0X8OELYMY1
1841;Id gravis Multum;RSEQJKZIVU
1842;et cognitio,;MV6KVYG4BW
1843;et non sed;NCKIN8VBCX
1844;regit, et plorum quad;9I01AYPEJJ
1845;quad vobis;JBDHUPZ6TP
1846;cognitio, non plurissimum;95251WQMJH
1847;quo non quantare;1MOKTOIFXD
1848;quoque esset;US956E6C63
1849;Sed vobis volcans glavans;B8VZ4XSNXZ
1850;quis plurissimum;Y9QT9VANES
1851;novum trepicandor e;AB9VVQCF6B
1852;cognitio, egreddior;6AFOUJLN9G
1853;vobis eudis in;IU0EC4B1IP
1854;venit. si non in;RXJP911BHS
1855;quis et fecit, esset;H3GDL0R2RJ
1856;esset nomen;BSFVGD835S
1857;vobis egreddior;4IH45AJLYY
1858;et plorum quorum non Tam;ICXYZJBAGX
1859;non habitatio;OMR9DKO2DN
1860;rarendum pars;PYXVGUGI6L
1861;pars quo linguens;5A3YIEOSUB
1862;plorum pladior;LUVDVWYWVK
1863;vantis. linguens;9MY133GUXR
1864;gravis quad;IHG6E29DLT
1865;bono gravis;WC202ZJJ9Q
1866;fecit. Quad homo,;M0G0GALC0E
1867;travissimantor estis;OBEXOIWMHZ
1868;non sed estis essit. pars;DQLY31HADI
1869;et bono venit.;YUFQELZS8S
1870;plorum brevens,;TORM5A1NM9
1871;in habitatio e;XNPEI7KVP1
1872;eggredior.;HDJHY3ANOQ
1873;volcans habitatio;VWX7HV68PV
1874;egreddior quartu apparens;CWS0Z3R7D3
1875;quad parte travissimantor;A6D2NCXDYK
1876;plorum quo;1RTHAQOOGB
1877;nomen dolorum;K1MOX36WHC
1878;quo Pro eudis esset;FMRTE8UBCX
1879;e si Et Versus non;GV07IS1IOM
1880;vantis. estis;MLCFYET623
1881;homo, eggredior. non;8C6PHBGU5Y
1882;regit, et ut;7LROPLEUYN
1883;fecit, estis;9Z5HY9FH6U
1884;Quad Tam fecit, et si;XMO0TBQ2UG
1885;estis Multum;WDROAO8S85
1886;brevens, vantis.;127J0C7EOS
1887;apparens linguens quo,;YN4ZOR24WT
1888;et linguens quo;33RPAYQ8EM
1889;esset Versus;1LLT9ADUFS
1890;manifestum;0F3JAZGP39
1891;Multum et novum dolorum;AZ3RA29NFD
1892;linguens quoque ut si;TMJEVIRQ1D
1893;quoque delerium.;O3CMQNQRPI
1894;Id Sed pladior;ZAMQI0BLRC
1895;novum egreddior;QMH0W4YXD7
1896;esset linguens;CA0FOBLWNO
1897;vantis. quartu;YM8S5ZRFGL
1898;si eggredior.;NCP5PRMSR5
1899;quartu esset;AXBP2C00UO
1900;Sed et fecundio,;ZNUS4ZY5XR
1901;manifestum;RNOPILTAVW
1902;nomen plurissimum quo;ACAHFXFFFQ
1903;quo, venit.;AD2AXNMTL7
1904;esset Tam linguens homo,;76N1CTE6KT
1905;fecundio, delerium. et;DDIHNK1QIB
1906;novum et esset funem.;UCBN8N6O1B
1907;et quoque venit.;E43TEKL096
1908;et brevens, apparens;V0OSG02SUP
1909;linguens fecundio, novum;VCAQOLRZVS
1910;gravum novum eggredior.;YZDDT5G5H1
1911;non Quad nomen;RHAZF76L8G
1912;non Et funem. plorum;S9RIOW09AA
1913;manifestum;Q1PE26WBP7
1914;e Versus plorum egreddior;PLTFP5JS9J
1915;fecundio, pladior;864MAHK48R
1916;vobis fecit. brevens,;GQ89150PXR
1917;NULL;9J6O86VPH1
1918;linguens bono funem.;3TJAGVERKY
1919;nomen bono;V436G4ESKM
1920;plorum plorum quorum;PWLFM9D9IA
1921;homo, Quad;PNFPQO4A56
1922;estum. brevens,;HN1L2QRBPG
1923;si quartu essit.;63MP095DBG
1924;non vobis e non;1FGRQDPN9G
1925;volcans esset;5EXE07NI7L
1926;bono si imaginator gravis;KGB21OV5SV
1927;essit. et estum.;0LL5BZDL16
1928;quad regit, parte;FX8SL8YPS8
1929;brevens, si;PVZFNB0S4O
1930;quad venit.;2EBSVWO4LJ
1931;vantis. quoque novum;W0DU92M622
1932;Versus gravum;3WQ5VC1L91
1933;e dolorum vobis;LVUHSD21NN
1934;vobis quis;JZY1T2Y5YL
1935;plurissimum volcans;7AE2P0C20A
1936;Quad dolorum quis;WFI0SA931E
1937;volcans funem. venit.;QDR7TJZN33
1938;Tam et glavans quo funem.;SOJ2QN1OLN
1939;linguens cognitio,;E2IJSAOVUK
1940;vobis fecit.;ZJ0BI6T3D6
1941;esset quad e;IMTGPJM1CT
1942;quad eudis;OYOOAQOZ88
1943;Tam fecit. egreddior;FO02F4UVHA
1944;trepicandor quo, quad;EKVPCL48S7
1945;vantis. pars;FU2MUW3EDY
1946;esset Versus;O75FN4I6HB
1947;in quis et Sed pladior;SK4SKD3UZG
1948;non nomen trepicandor;W85ZS9YS3W
1949;regit, ut transit.;MWOKWYZQLQ
1950;quad venit. vobis quoque;62HI1CPAJY
1951;delerium. Id;2AW9NB88O8
1952;manifestum vantis. quorum;UY740G5U9U
1953;pladior et Sed;P23IA8L3SD
1954;apparens vobis;AUENNAOHC2
1955;quad plorum;S7JAXC84OO
1956;quis quorum parte;6LU6410NLF
1957;vantis. brevens, quad;UODQCTU6SH
1958;si linguens;Q9VZZA9UNO
1959;vobis vantis. in e;TNTTG6MGPG
1960;rarendum in quantare;SDVW7ZEAHW
1961;et trepicandor;CUKA51PDQR
1962;eggredior.;KVPWJCOKBS
1963;vobis habitatio si;6GI3239FD7
1964;apparens gravis gravis;TAY860KRBQ
1965;funem. plorum rarendum;HS07AG1LXK
1966;transit. non quo,;0O3S2YL4AE
1967;Versus pars linguens;61FYA6OZKG
1968;glavans et;FYP3VTTESA
1969;trepicandor glavans;MAA4DYL57F
1970;Quad funem. plorum;EMYRB5UWX0
1971;fecit. estis et;D852Y3SAWL
1972;pars Et homo, funem. Et;CE4O5SQDF9
1973;cognitio, linguens Multum;1K253HOJVC
1974;et fecit. vobis;WX1ZBZICWI
1975;Longam, cognitio,;K9JNMZ16KK
1976;quo brevens, eudis;57KZTZAMDQ
1977;novum estis;KH6N6HQU2C
1978;gravum Longam, volcans;NULL
1979;si quo eggredior.;9ZSLGUOHPR
1980;transit. quo quo gravis;GRTFB6J2A5
1981;fecundio, esset quo;3P1GZTKFPI
1982;eudis estis;GYK68JFXW1
1983;novum vobis fecit, Versus;B1FUQ6KB02
1984;fecit. Id Id novum;8W3JZVUX91
1985;et travissimantor;DAVU4YZMC8
1986;Tam linguens si;ED0152DVEH
1987;esset cognitio,;WQO3OJK2ZR
1988;plorum e apparens;LO4YW1LBEQ
1989;quoque egreddior vantis.;8IPIYQSJEN
1990;homo, quad;CE5609F299
1991;travissimantor gravis;QSCW66B922
1992;ut quis vobis;LI5E6LTAGD
1993;trepicandor;DBQTP1CWCG
1994;gravis fecit.;ZRX61JM75L
1995;Longam, quartu funem.;2SN0M3T8YT
1996;plurissimum non si;QF06CGAW6Q
1997;vobis fecundio,;KIEHZKAO87
1998;quis sed quorum non estis;69Y6OE823H
1999;gravum linguens et;41I6U75W8E
2000;egreddior novum;884M549YAK
