mo_id;mo_us_id;mo_description;mo_date
1;818;quoque quad et; 2002-09-03 07:09
2;559;habitatio in Longam, quad ; 2006-02-25 17:04
3;1002;trepicandor ; 2006-01-09 11:59
4;443;eggredior.; 2007-04-29 20:05
5;274;Quad imaginator ; 2006-05-26 10:40
6;468;et travissimantor estis ; 2005-09-04 23:54
7;470;rarendum imaginator si si ; 2002-12-30 06:11
8;31;egreddior fecit. estis; 2004-08-31 07:40
9;996;plorum quo estum. ; 2006-03-06 01:21
10;315;habitatio Multum; 2010-11-17 07:14
11;849;vantis. Longam, fecundio, bono; 2010-10-08 01:56
12;33;quis et quo ; 2006-09-02 11:08
13;527;Versus eggredior. e esset ; 2005-07-19 17:28
14;688;in nomen Versus ; 2006-04-22 20:24
15;82;in vobis Quad et; 2008-05-19 11:07
16;454;Sed si Pro brevens, ; 2010-08-22 14:24
17;989;nomen Sed delerium. ; 2009-04-14 06:16
18;763;quo, fecit. ; 2003-03-08 03:47
19;382;vobis parte quo, Longam,; 2002-09-17 02:06
20;958;volcans et; 2006-03-02 10:20
21;716;novum Tam Sed glavans novum ; 2007-02-23 22:35
22;1005;volcans regit, quantare parte ; 2010-05-23 22:56
23;795;fecit, esset; 2009-10-15 16:37
24;458;si quo et parte ; 2006-02-26 07:05
25;222;et ut brevens, nomen; 2003-04-09 12:46
26;719;Tam esset homo, venit. e; 2003-07-21 00:16
27;488;e et e non cognitio,; 2010-03-07 19:10
28;879;Et gravis linguens; 2005-10-04 17:19
29;736;eudis novum quo ; 1971-01-01 00:00
30;680;gravis pladior; 2005-11-07 17:49
31;219;linguens et ; 2007-08-21 17:24
32;897;trepicandor quantare non; 2006-09-14 14:24
33;839;quo, in parte ; 2007-07-15 02:18
34;645;Et dolorum dolorum trepicandor; 2003-05-19 09:27
35;220;si quad non ; 2002-11-17 22:22
36;482;fecit, si Et; 2002-05-24 14:05
37;720;novum gravum; 2003-06-16 12:23
38;101;si gravum quad e glavans; 2010-01-15 07:14
39;1026;quartu quoque ; 2006-12-27 05:27
40;906;non si apparens quad quad ; 2002-04-05 01:34
41;477;et esset quartu ; 2004-03-09 10:19
42;326;non Id e habitatio quo; 2006-10-15 12:03
43;469;Versus Versus cognitio, nomen ; 2006-06-29 01:12
44;810;fecit. homo, trepicandor Id ; 2002-12-11 02:10
45;765;gravum pars nomen ; 2010-01-11 23:09
46;295;estis sed et Quad ; 2009-06-09 09:06
47;664;parte manifestum; 2002-10-18 15:48
48;287;quad non regit, novum quoque; 2008-02-05 22:21
49;223;rarendum vobis; 2008-10-18 10:56
50;69;homo, non rarendum e si ; 2008-01-11 19:16
51;694;homo, Sed quo,; 2007-12-30 22:01
52;928;manifestum fecit, parte quad; 2007-01-30 09:46
53;929;quad transit. nomen ; 2003-07-28 03:20
54;901;dolorum quad funem. ; 2010-12-25 14:33
55;94;et habitatio; 2009-03-04 21:58
56;107;et pars fecit,; 2002-01-22 20:36
57;954;trepicandor ; 2003-04-12 08:13
58;149;parte quad gravis ; 2007-05-13 00:26
59;570;cognitio, essit. apparens ; 2010-11-13 04:54
60;619;quis quartu gravis Id ; 2006-01-21 07:19
61;125;apparens quoque parte quorum; 2004-11-06 10:23
62;851;Pro in in linguens Id quo ; 2006-06-30 04:44
63;282;et delerium.; 2008-03-26 12:52
64;959;e et et vobis quo, estum. ; 2009-10-23 13:50
65;388;manifestum essit. esset ; 2009-07-15 07:56
66;281;glavans quad estum. eggredior.; 2006-03-05 16:50
67;532;gravis gravis ; 2005-03-26 23:37
68;1065;plorum quo; 2005-04-17 01:41
69;847;eudis novum ; 2004-09-01 19:06
70;105;egreddior sed ; 2005-11-30 06:19
71;402;Longam, travissimantor quo quo; 2006-12-04 22:43
72;131;quantare Pro; 2002-08-08 07:09
73;616;cognitio, linguens; 2004-04-19 00:48
74;686;habitatio Et; 2002-12-04 02:12
75;173;manifestum Tam; 2009-07-09 15:47
76;610;funem. imaginator regit,; 2010-05-17 22:16
77;998;quo essit. si ; 2002-08-28 21:23
78;64;venit. quad ; 2009-06-13 20:45
79;843;pladior nomen quoque in ; 2010-10-03 17:27
80;646;quad Et eggredior.; 2007-09-18 21:59
81;971;Pro quo gravum; 2002-06-22 20:57
82;513;non Pro Quad eggredior. ; 2006-06-14 01:55
83;814;et non venit. non quis quo, ; 2003-05-21 08:13
84;576;gravum travissimantor nomen ; 2008-09-22 22:02
85;673;si novum imaginator ; 2008-11-07 19:48
86;302;sed linguens; 2002-07-23 07:37
87;466;eggredior.; 2005-02-18 11:03
88;217;fecundio, travissimantor; 2007-07-20 11:45
89;231;si plorum parte in quis ; 2005-03-15 11:29
90;447;non linguens; 2002-10-27 01:45
91;20;funem. habitatio quartu ; 2010-02-11 05:52
92;817;ut quad Multum gravis ; 2007-02-03 11:57
93;914;plorum eudis novum homo,; 2010-03-04 02:20
94;510;eggredior. pladior novum; 2002-12-06 22:08
95;994;quo quantare; 2008-05-28 15:10
96;654;quo quo sed ; 2008-09-09 05:35
97;968;non linguens; 2009-07-20 23:11
98;773;quoque in parte ; 2007-09-05 11:21
99;421;nomen Et vobis imaginator et; 2004-05-27 18:14
100;886;plurissimum ; 2005-11-09 06:19
101;256;eggredior.; 2006-03-16 09:28
102;898;bono quad gravis; 2008-07-02 14:07
103;883;egreddior quis; 2005-06-06 03:15
104;786;et quo cognitio,; 2004-11-19 04:37
105;353;pars Pro Pro apparens brevens,; 2003-02-07 20:32
106;34;egreddior parte ; 2007-05-25 14:51
107;122;ut e quis non ; 2004-10-13 08:58
108;497;quo quoque Pro manifestum ; 2002-08-25 01:08
109;262;novum fecundio, quo, dolorum; 2003-06-18 22:45
110;243;bono et non ; 2009-10-17 23:41
111;134;in vobis Pro; 2010-05-26 23:12
112;560;cognitio, si; 2004-10-28 11:27
113;342;in gravis delerium. ; 2007-08-09 06:58
114;98;gravis linguens ; 2005-02-25 06:54
115;711;egreddior Multum novum Sed; 2005-08-01 10:22
116;652;fecit, in Versus vobis; 2009-05-25 08:28
117;265;Id Multum gravis; 2005-02-09 20:30
118;196;estum. et et sed glavans Pro; 2010-07-03 14:49
119;492;gravis Versus ; 2002-12-16 18:02
120;320;vantis. fecundio, ; 2008-12-24 00:19
121;245;apparens in homo, quartu; 2003-01-16 05:46
122;611;glavans et plorum vantis. ; 2008-09-06 11:52
123;125;Id ut regit,; 1971-01-01 00:00
124;962;funem. bono ; 2002-02-02 14:11
125;1097;novum Et bono Quad plurissimum; 2003-11-07 17:21
126;191;e Tam plorum; 2006-10-19 00:27
127;111;et volcans quad ; 2010-10-31 10:46
128;102;fecundio, manifestum; 2003-06-06 04:49
129;643;ut Sed sed; 2003-05-15 02:40
130;242;e e sed e et homo,; 2005-07-07 11:01
131;860;parte fecit, sed in ; 2002-10-31 10:12
132;908;si volcans; 2002-10-28 23:05
133;461;linguens Longam, bono ; 2005-12-23 10:02
134;779;Sed et eudis; 2007-01-18 02:31
135;648;funem. estum. ; 2006-11-25 11:08
136;609;Multum quo; 2003-07-06 12:30
137;624;homo, Quad; 2004-12-20 06:49
138;874;parte bono gravis ; 2003-01-08 22:39
139;138;funem. nomen vobis plorum e ; 2009-07-01 03:36
140;125;et et et novum fecit. ; 2007-08-17 01:30
141;1084;Pro gravis esset; 2003-06-17 04:56
142;867;et pladior eggredior. si; 2008-10-08 22:39
143;787;novum et plurissimum pars ; 2004-06-27 09:55
144;830;si gravum non bono; 2006-02-01 12:59
145;523;si fecit, eggredior.; 2006-05-28 11:48
146;635;Id parte gravis eggredior.; 2003-06-02 02:32
147;1010;Tam Versus; 2007-04-16 18:24
148;801;Pro quad cognitio, eudis; 2010-06-27 04:58
149;922;quad vobis nomen nomen; 2007-01-07 19:25
150;193;et quoque novum Quad; 2008-05-06 11:46
151;662;homo, imaginator; 2010-01-03 06:42
152;535;non eggredior. habitatio; 2005-07-31 09:04
153;774;nomen essit. si ; 2010-01-17 08:22
154;1126;nomen Sed plorum; 2006-09-20 17:18
155;120;fecit. et transit. volcans; 2006-06-03 17:54
156;563;eudis travissimantor; 2004-10-25 00:33
157;641;non esset gravum; 2008-07-08 21:36
158;1059;Longam, volcans ; 1971-01-01 00:00
159;1094;linguens quo parte; 2008-05-30 23:56
160;121;nomen essit. regit, et quo; 2003-07-31 09:53
161;631;manifestum; 2009-01-31 04:09
162;1100;quad e rarendum quad; 2003-04-09 09:45
163;13;quo, brevens, quantare quis ; 2005-12-20 10:01
164;1046;travissimantor; 2003-06-02 06:17
165;824;ut nomen novum; 2008-02-17 14:06
166;952;manifestum; 2002-08-19 12:32
167;946;volcans vobis ; 2008-12-21 00:36
168;1032;imaginator volcans quo, funem.; 2006-06-04 13:10
169;845;essit. rarendum quo ; 2008-10-10 08:55
170;552;gravis plurissimum; 2002-09-14 19:50
171;419;pladior transit. gravis ; 2003-08-23 18:23
172;422;eggredior.; 2002-08-13 03:32
173;601;pars quad eggredior. ut ; 2008-05-17 09:48
174;913;Id plurissimum; 2006-08-11 16:53
175;681;e et quorum funem. venit. ; 2004-11-17 13:19
176;467;gravis travissimantor sed ; 2010-07-01 13:05
177;1087;quo travissimantor; 2002-03-18 01:39
178;520;volcans e quorum; 2009-07-20 19:51
179;950;rarendum quo rarendum novum ; 2004-08-05 22:52
180;1107;vobis novum ; 2006-09-07 02:23
181;189;essit. quantare Quad si ; 2002-06-08 14:48
182;1072;si rarendum quartu; 2010-07-04 06:02
183;909;quo esset quo,; 2002-05-07 05:48
184;757;volcans glavans gravum; 2007-05-29 09:24
185;1152;esset e nomen fecundio, quad; 2006-01-07 14:53
186;614;nomen habitatio vantis. ; 2006-07-04 04:19
187;571;Et parte essit. vobis brevens,; 2008-04-01 01:07
188;865;estis Id fecit. ; 2003-10-11 14:42
189;378;glavans Tam venit.; 2010-04-03 16:44
190;1047;in novum e dolorum; 2002-08-17 08:36
191;534;venit. fecit. ; 2004-02-01 10:35
192;160;trepicandor ; 2005-12-27 14:54
193;1077;apparens glavans quo; 2007-07-22 06:52
194;986;novum pars novum e glavans; 2010-06-10 12:46
195;333;quartu fecundio, eudis; 2002-05-31 23:27
196;518;homo, travissimantor; 2006-05-10 15:44
197;1129;quorum eggredior. gravis; 2008-06-26 18:54
198;117;quad habitatio; 2007-05-10 16:21
199;776;apparens delerium. gravis ; 2007-05-10 19:48
200;755;esset e Sed vantis. ; 2005-06-16 00:27
201;176;imaginator; 2008-06-06 11:12
202;180;si habitatio; 2007-12-28 13:22
203;730;plorum nomen et pars; 2009-07-06 09:29
204;229;parte fecundio, ; 2009-10-13 09:07
205;45;Id novum eggredior. brevens,; 2005-05-18 01:01
206;485;fecit, novum non Pro; 2007-09-25 08:13
207;608;Sed et pladior gravum ; 2003-08-19 20:53
208;1023;funem. et Et vobis; 2009-12-19 16:11
209;103;manifestum; 2007-03-02 19:03
210;526;homo, rarendum; 2007-03-22 04:12
211;375;quo gravis quo egreddior; 2006-03-19 16:15
212;457;et linguens esset e ; 2006-04-06 04:41
213;586;pladior quo et vobis; 2005-12-03 22:43
214;778;non Id Quad quad; 2003-09-24 21:33
215;700;quantare quantare ; 2003-02-22 19:05
216;465;estum. non; 2009-07-29 22:06
217;838;essit. parte quorum ; 2002-12-04 03:56
218;1040;quoque esset e si transit.; 2009-07-24 00:37
219;816;manifestum; 2008-05-24 15:23
220;752;si estis quorum ; 2003-08-17 09:47
221;924;Id Et gravis; 2005-05-19 11:24
222;992;Quad in Versus manifestum ; 2007-03-13 09:53
223;550;quorum quis fecit, pladior; 2007-03-02 20:26
224;966;egreddior quo cognitio, ; 2008-02-25 00:18
225;431;non dolorum esset ; 2009-08-13 09:15
226;56;si Longam,; 2008-08-26 03:29
227;308;esset sed et manifestum ; 2006-01-21 20:39
228;866;e dolorum in; 2008-12-06 21:02
229;667;essit. delerium. eudis; 2006-03-13 17:26
230;993;pladior Id volcans egreddior; 2009-07-09 21:34
231;52;et plorum novum Quad; 2004-01-05 18:11
232;701;nomen eudis ; 2005-11-07 09:17
233;1216;sed pladior e et et linguens; 2004-03-13 00:02
234;519;eudis gravis; 2010-02-19 22:25
235;511;rarendum parte; 2009-04-01 15:11
236;1186;homo, Versus pars ; 2005-06-11 01:26
237;384;gravis regit, ; 2002-12-29 20:33
238;833;linguens fecundio, in ; 2003-07-24 20:40
239;729;plorum Multum ; 2004-01-12 08:22
240;536;Sed non habitatio quis; 2009-04-14 06:40
241;75;estis quad eudis quo, ; 2004-11-15 07:25
242;917;novum Sed cognitio, ; 2009-04-12 08:56
243;653;non et pladior Id ; 2007-08-10 19:39
244;237;apparens e estis; 2005-01-13 12:31
245;558;Id vobis linguens ut; 2007-05-30 16:21
246;743;brevens, eggredior. ; 2008-10-27 05:53
247;589;dolorum quoque; 2002-01-24 16:11
248;183;quartu brevens, ; 2005-10-28 09:19
249;884;Longam, estum. cognitio,; 2009-04-18 17:40
250;1241;estum. si Multum e; 2003-11-02 01:20
251;642;quoque Sed eggredior. ; 2005-06-07 11:47
252;934;quartu vantis. quad nomen non ; 2009-12-03 18:17
253;547;volcans pladior ; 2009-12-16 00:57
254;258;nomen fecit. plurissimum Pro; 2005-09-24 10:01
255;167;esset non gravum quo; 2002-01-28 13:02
256;727;non funem. quo venit. ; 2003-03-28 01:19
257;1003;NULL; 2002-10-28 16:56
258;615;plurissimum ; 2003-05-13 09:10
259;967;imaginator cognitio,; 2002-03-02 23:52
260;1073;quad in parte plorum et venit.; 2007-09-21 21:32
261;704;cognitio, Id funem. Tam ; 2003-09-04 11:33
262;627;quo, gravum ; 2005-09-11 23:51
263;1248;novum nomen funem.; 2005-10-08 22:44
264;933;non e transit. vantis. plorum ; 2008-08-22 21:28
265;109;nomen e essit. bono ; 2005-03-17 10:01
266;907;esset Et quad ; 2002-05-13 06:57
267;169;Pro pladior ; 1971-01-01 00:00
268;784;quo vobis dolorum ; 2004-01-25 04:39
269;1070;venit. ut fecundio, ; 2006-10-14 00:18
270;1088;Longam, non ; 2005-06-24 06:22
271;567;gravis si e ; 2008-09-12 17:39
272;1138;Tam Et rarendum bono rarendum ; 2008-08-01 01:33
273;726;Quad fecit, gravis; 2010-05-12 07:15
274;163;non quad quo quad ; 2007-07-13 16:14
275;448;essit. vantis.; 2010-02-09 08:43
276;1238;habitatio plurissimum nomen ; 2009-10-01 02:21
277;969;Quad brevens, ; 2007-02-06 02:28
278;1263;nomen quantare dolorum; 2010-08-02 14:13
279;156;quis Et non ; 2004-02-18 07:54
280;404;Quad Et si esset quo, ; 2002-09-28 07:57
281;602;fecit, transit. ; 2002-10-18 03:22
282;910;vobis estum.; 2008-08-02 11:18
283;1264;brevens, quad sed ; 2002-03-27 11:19
284;1055;quorum sed dolorum quartu ; 2010-08-20 03:21
285;785;dolorum plorum; 2004-05-12 16:06
286;1144;quad novum quad ; 2006-02-02 09:46
287;1051;venit. vobis; 2005-01-31 23:54
288;427;esset quad plorum quorum esset; 2006-11-22 08:20
289;9;habitatio novum fecundio, in; 2009-06-18 14:01
290;335;Versus Versus ; 2010-01-23 09:22
291;494;glavans fecit,; 2008-01-06 13:51
292;873;vantis. plorum fecit. et; 2004-08-14 08:29
293;1021;manifestum; 2010-08-18 11:22
294;106;sed linguens plorum essit.; 2003-05-24 20:48
295;21;si quo quoque venit. sed; 2007-04-22 10:50
296;1137;linguens travissimantor ; 2007-08-11 19:06
297;1006;Multum quantare quorum Quad ; 2010-03-05 07:34
298;517;et Multum novum ; 2005-07-05 10:12
299;311;gravum Sed; 2009-12-17 22:10
300;1283;Versus quis ; 2010-10-29 02:30
301;1064;e plorum Versus ; 2007-01-18 09:23
302;1247;vobis et delerium.; 2006-10-04 01:14
303;152;et pars vobis ; 2006-04-12 15:52
304;266;gravis bono ; 2002-05-07 02:57
305;1001;Longam, novum ; 2002-08-07 00:01
306;1057;ut bono quis; 2006-04-01 23:46
307;540;Sed novum linguens; 2006-01-26 04:31
308;397;estum. e vobis; 2004-05-24 02:02
309;1190;Multum fecit. linguens vobis; 2010-11-05 16:14
310;660;quo, ut brevens, quantare ; 2006-12-24 07:39
311;1250;in Tam plurissimum bono Id; 2005-12-22 10:34
312;613;si quartu e ; 2003-08-25 11:05
313;185;et quad volcans homo, ; 2009-09-09 09:01
314;628;gravis regit, ; 2002-08-16 01:13
315;1228;funem. novum et travissimantor; 2010-05-15 20:30
316;1074;gravis Pro; 2010-02-18 10:13
317;829;gravis gravum ; 2003-06-11 00:13
318;1150;trepicandor non quad; 2006-01-22 20:29
319;675;non novum Sed et; 2003-05-30 06:38
320;491;habitatio et rarendum ; 2004-07-21 11:42
321;682;eggredior.; 2002-02-14 10:07
322;108;pladior quad e vobis; 2006-06-20 22:37
323;870;pladior habitatio imaginator; 2005-08-07 14:37
324;1017;Id linguens regit,; 2007-09-20 14:55
325;944;et Quad funem. transit. funem.; 2008-06-17 16:30
326;1268;regit, imaginator ; 2006-01-30 09:09
327;637;essit. venit. ; 2008-12-13 14:10
328;528;vobis funem. quo; 2008-12-19 10:27
329;919;funem. plurissimum e; 2002-03-24 05:23
330;942;novum rarendum; 2004-07-01 13:36
331;352;pars gravum ; 2010-07-28 18:46
332;351;gravis quo; 2003-08-04 16:16
333;251;linguens quantare gravum quad ; 2002-08-16 16:02
334;1245;non dolorum gravis delerium.; 2004-04-21 05:24
335;1043;non quorum; 2006-09-09 22:33
336;17;ut fecit. travissimantor; 2007-01-14 02:07
337;777;Tam quad apparens ; 2004-04-22 19:25
338;1304;glavans glavans ; 2010-11-20 08:22
339;62;venit. plorum ; 2010-01-14 03:19
340;93;quoque e e; 2009-02-09 16:19
341;800;bono sed eudis sed si nomen ; 2002-01-08 05:14
342;410;travissimantor; 2002-09-10 21:51
343;230;eggredior. quantare ; 2007-01-16 16:05
344;76;habitatio fecit, et ; 2004-06-26 06:21
345;734;in et Tam Versus Tam; 2006-02-01 22:48
346;46;estis Pro et; 2006-05-15 02:45
347;806;imaginator; 2005-12-04 23:28
348;385;eudis gravis; 2010-01-03 10:09
349;354;novum nomen ; 2004-01-09 00:18
350;347;rarendum et ; 2008-03-03 00:36
351;943;plorum esset; 2006-03-03 18:53
352;756;si brevens, quartu et si; 2006-02-11 11:05
353;1044;gravum homo, estis quad quo ; 2004-02-07 03:33
354;268;in quoque pars et ; 2007-05-30 10:28
355;554;essit. vantis.; 2010-09-14 16:22
356;158;glavans quo glavans estum.; 2002-07-31 10:46
357;1331;cognitio, et pladior; 2003-02-27 10:36
358;565;imaginator; 2009-07-23 00:56
359;503;fecit. homo,; 2004-11-18 10:27
360;792;quad Versus ; 2007-07-07 14:52
361;166;Et Pro Versus estis Et; 2008-04-18 09:36
362;546;fecit, novum; 2008-02-06 18:04
363;1298;plurissimum non ; 2004-03-02 20:38
364;1232;quad e nomen; 2008-05-07 02:37
365;1335;brevens, brevens, ; 2007-05-28 12:53
366;489;in eggredior. ; 2004-05-20 18:18
367;669;pars parte; 2003-01-09 19:03
368;1195;nomen brevens,; 2007-05-22 03:37
369;1133;quad regit, ; 2006-12-06 02:40
370;417;quad plorum ; 2005-05-02 18:22
371;862;novum gravis dolorum Quad ; 2007-10-29 14:48
372;182;non et et plorum si essit.; 2003-07-21 15:51
373;1305;e plorum vobis; 2007-01-08 17:09
374;1174;vobis linguens; 2005-04-18 14:19
375;562;plurissimum ; 2004-07-14 06:27
376;1351;eggredior. vobis; 2010-06-05 12:15
377;294;Et parte plorum ; 2010-06-04 06:31
378;463;non quantare; 2003-02-12 08:16
379;164;non quantare; 2003-08-19 16:07
380;123;si in estum. venit. ; 2004-02-04 13:44
381;740;imaginator; 2002-02-26 09:41
382;174;regit, e in ; 2009-12-10 04:01
383;197;et Pro homo,; 2006-12-12 10:08
384;235;plorum quo fecit, ; 2005-01-20 04:46
385;766;essit. pars gravum; 2009-04-29 18:43
386;1085;Et cognitio, estis Quad ; 2006-06-17 07:41
387;709;linguens si ; 2010-06-27 12:42
388;260;vobis apparens; 2006-03-19 05:33
389;267;et regit, quorum quo; 2004-08-06 13:01
390;1231;non habitatio trepicandor ; 2006-02-10 11:46
391;401;nomen quad essit. ; 2005-11-17 15:31
392;88;parte quad; 2005-09-30 18:28
393;1356;e Pro gravis; 2008-01-02 21:54
394;1318;fecit, quo; 2004-07-10 12:27
395;2;pars e estum. imaginator; 2002-10-25 06:43
396;927;quorum pladior non quo; 2004-12-01 11:10
397;1334;Quad homo, e novum; 2009-07-10 01:13
398;241;esset eudis quo,; 2009-09-10 13:28
399;190;eudis linguens; 1971-01-01 00:00
400;853;essit. Id et; 2008-01-29 17:28
401;1130;volcans gravum; 2003-09-15 04:30
402;159;non pars plorum brevens,; 2005-05-06 07:42
403;1110;si novum gravum ut Multum ; 2009-07-15 19:50
404;522;apparens habitatio quo, ; 2005-01-29 07:28
405;1256;non glavans Longam, ; 2009-09-07 05:55
406;1201;eudis transit. estis dolorum; 2002-05-06 09:48
407;324;Longam, trepicandor gravum; 2004-08-14 03:01
408;1357;glavans fecundio, ; 2010-02-02 17:55
409;531;imaginator Versus Multum; 2009-10-20 13:13
410;1062;et novum in Versus; 2004-11-16 04:00
411;501;gravis brevens, ; 2002-04-12 04:07
412;718;et Versus quo,; 2003-02-26 04:15
413;549;egreddior esset ; 2002-01-16 02:20
414;828;apparens linguens estis parte ; 2007-12-05 08:49
415;572;Id imaginator ; 2002-10-15 20:43
416;1309;Tam regit,; 2007-05-12 05:11
417;1034;non quo, fecundio,; 2009-05-09 05:34
418;339;quo, quartu ; 2003-02-26 07:55
419;428;Quad Sed plorum funem. pars ; 2010-02-10 15:51
420;125;NULL; 2010-01-07 07:54
421;1214;estum. imaginator gravis; 2002-12-12 05:11
422;200;venit. travissimantor dolorum ; 2004-11-23 05:35
423;341;vobis plorum fecundio, non; 2007-10-23 13:29
424;1385;manifestum; 2004-10-15 14:36
425;899;quo vantis. ; 2002-10-26 14:53
426;1389;essit. si cognitio, et; 2010-06-15 02:51
427;1182;Id vantis. quad ; 2004-01-29 20:19
428;916;Id Tam imaginator ; 2006-07-18 17:57
429;115;quo si non Quad quorum; 2004-07-01 04:42
430;16;Pro in travissimantor non ; 2004-06-25 07:36
431;638;trepicandor brevens,; 2010-08-12 19:17
432;38;bono imaginator nomen ; 2002-11-27 11:02
433;1176;eggredior. plorum ; 2002-09-24 17:03
434;361;venit. gravis quorum et ; 2006-01-13 14:48
435;1090;quis e trepicandor esset; 2010-12-04 11:37
436;889;glavans estum.; 2009-09-30 06:02
437;1406;cognitio, Quad; 2003-08-13 13:50
438;444;in gravis apparens; 2006-11-11 20:32
439;301;quad essit. apparens; 2008-04-05 04:13
440;377;fecit, esset parte; 2004-09-16 18:58
441;290;vobis Et plorum ; 2006-09-16 15:42
442;1053;Sed Pro in; 2007-05-14 13:45
443;1203;quartu gravis homo, Id; 2002-09-07 23:29
444;493;linguens rarendum Versus; 2003-05-04 01:32
445;1200;apparens linguens ; 2004-04-27 08:54
446;225;quoque et quad; 2004-12-16 07:31
447;413;quo, quantare ; 2005-11-02 13:11
448;332;plorum habitatio; 2008-10-26 09:39
449;125;pladior vantis. quorum venit. ; 2007-03-21 01:11
450;291;plorum quis ; 2008-02-29 07:15
451;293;quo pars quis non ; 2004-06-17 01:08
452;1299;vobis estum.; 2003-10-07 03:14
453;1430;vantis. pladior Quad dolorum; 2010-05-29 09:21
454;362;novum nomen plorum; 2010-09-03 05:34
455;1431;novum cognitio, ; 2007-02-18 12:16
456;1290;manifestum imaginator ; 2009-10-21 22:54
457;798;quad et quo in; 2008-07-13 18:12
458;264;e quantare; 2006-10-01 05:14
459;1135;in non et Versus novum Quad ; 2004-04-05 16:35
460;985;gravum si non ; 2010-03-25 03:04
461;647;fecundio, travissimantor; 2009-04-06 13:28
462;1204;manifestum et ; 2009-01-26 09:04
463;429;vobis pars trepicandor; 2007-08-05 13:12
464;1382;regit, quo; 2007-04-28 05:37
465;1050;non Pro fecit.; 2005-04-05 08:43
466;1434;estis novum plorum manifestum ; 2010-05-15 17:04
467;11;quantare vobis; 2002-06-04 11:11
468;84;et rarendum ; 2007-01-02 11:31
469;54;essit. parte manifestum ; 2007-12-31 21:12
470;568;bono essit. Et cognitio,; 2004-01-15 14:40
471;1377;Sed parte linguens linguens ; 2005-09-29 15:20
472;473;bono et volcans ; 2004-06-28 09:01
473;14;manifestum; 2005-11-22 03:42
474;1285;estum. et fecundio, regit,; 2007-05-27 20:53
475;1058;quad et quo et; 2005-04-23 16:12
476;708;quo linguens; 2006-07-30 15:26
477;717;et non parte; 2004-03-18 06:06
478;880;novum et Sed dolorum; 2006-06-22 11:56
479;425;gravis non rarendum pladior ; 2002-06-21 05:42
480;35;vobis pars; 2008-11-09 07:21
481;1211;sed et quad fecit, et ; 2006-08-13 13:40
482;114;quad volcans egreddior; 2006-04-04 10:40
483;1403;fecundio, imaginator; 2010-04-29 16:45
484;1266;quo, quo novum; 2007-05-02 21:27
485;125;et estis fecit. novum ; 2002-01-09 06:27
486;545;non Et e et egreddior non ; 2008-11-06 16:03
487;73;linguens dolorum homo, quo, ; 2003-07-01 01:41
488;475;novum quo Et trepicandor Id ; 2003-01-21 11:28
489;525;trepicandor quoque quartu ; 2009-11-25 02:32
490;1325;nomen Multum; 2003-02-13 12:42
491;250;quantare non eggredior. in; 2003-03-20 11:49
492;48;e Id quantare sed quartu; 2007-11-12 08:36
493;856;gravis egreddior; 2004-08-08 03:57
494;1104;quad parte vantis.; 2009-01-11 01:08
495;146;plorum parte trepicandor; 2006-06-12 05:29
496;349;e novum e quo,; 2008-08-20 06:37
497;112;quis quartu et plorum ; 2010-10-09 00:32
498;1401;fecit, quorum nomen Id; 2006-05-12 17:51
499;74;non novum transit. fecit. ; 2009-01-27 16:49
500;125;non quad e non non Et ; 2004-12-12 15:49
501;852;cognitio, Sed ; 2004-07-14 20:19
502;1476;Longam, homo, funem. estum. ; 2009-10-31 01:39
503;399;trepicandor quo,; 2002-10-27 12:26
504;19;linguens nomen et transit.; 2005-03-06 10:30
505;750;Longam, Tam ; 2004-06-01 15:54
506;1153;quo, e ut Sed glavans regit,; 2010-12-19 16:06
507;1115;quorum apparens ; 2008-11-13 23:31
508;663;Versus dolorum; 2005-01-02 12:28
509;1353;non plurissimum ; 2007-05-13 13:22
510;1099;apparens brevens, ; 2002-07-22 20:49
511;1396;et cognitio,; 2007-08-06 16:47
512;432;quorum quo quis ; 2004-01-23 06:15
513;97;quad Quad Longam, si in regit,; 2006-04-12 23:31
514;1330;quoque cognitio, trepicandor; 2006-05-27 09:13
515;557;non e si funem. fecit,; 2005-08-12 13:23
516;1243;homo, fecundio, ; 2005-01-03 02:48
517;1295;homo, et fecit. Et Et ; 2009-09-28 16:18
518;676;nomen non quo ; 2002-04-05 15:45
519;472;dolorum manifestum; 1971-01-01 00:00
520;649;et habitatio; 2007-04-19 23:09
521;837;essit. et Quad sed; 2007-05-29 16:39
522;603;rarendum funem. quad linguens ; 2008-11-15 15:23
523;584;apparens quad gravum dolorum; 2010-05-13 23:42
524;697;rarendum bono quis; 2008-02-07 08:59
525;450;vobis dolorum venit.; 2006-11-18 08:29
526;365;homo, esset quad; 2002-10-29 02:51
527;125;quis Tam fecit. ; 2008-11-17 06:43
528;1498;quad quis quad plorum ; 2010-11-20 05:04
529;976;quartu in linguens trepicandor; 2007-11-11 02:34
530;1142;Id et pladior si; 2002-12-16 15:23
531;1469;sed estum. plurissimum; 2007-09-03 09:34
532;935;quo quo, regit, ; 2006-10-21 14:53
533;931;trepicandor vobis ; 2008-11-05 12:14
534;334;estum. delerium.; 2008-05-24 19:07
535;791;quad regit, ; 2008-07-08 13:52
536;181;nomen quoque; 2006-04-28 11:02
537;689;gravis delerium. bono ; 2007-10-13 12:01
538;1042;gravis esset; 2005-06-08 22:14
539;764;non quo, Versus ; 2007-02-24 06:15
540;890;gravis regit, ; 2004-12-01 05:32
541;542;gravum Et trepicandor ; 2002-01-20 14:21
542;1397;estum. quorum fecit. quis si; 2010-12-23 16:32
543;826;quad et nomen quo,; 1971-01-01 00:00
544;741;quad Pro travissimantor ; 2009-06-27 13:12
545;768;esset volcans ; 2006-09-09 22:06
546;1212;habitatio esset ; 2009-05-06 05:42
547;1429;pladior eggredior. et ; 2006-07-09 19:54
548;1049;Quad brevens, plurissimum ; 2010-02-25 05:34
549;902;e non cognitio, ; 2003-08-02 09:04
550;1269;linguens non linguens quartu; 2009-03-13 18:44
551;1507;si quo pladior; 2005-06-01 11:45
552;1275;fecit. vobis et in Tam gravum ; 2003-06-10 02:41
553;269;volcans plorum; 2009-11-21 14:19
554;677;gravum delerium.; 2010-07-06 08:47
555;863;travissimantor non brevens, ; 2010-01-22 18:42
556;1545;gravis e transit. ; 2003-09-02 00:09
557;478;quorum apparens Quad Et in; 2007-01-27 00:26
558;781;eggredior. quorum ; 2005-03-02 20:37
559;502;vobis venit.; 2003-09-24 16:40
560;254;essit. non; 2006-12-09 03:56
561;758;funem. linguens ; 2004-05-09 07:39
562;71;essit. bono ; 2006-07-15 09:10
563;1522;quoque plorum ; 2002-01-30 11:02
564;364;quo, Versus ; 2003-01-04 20:57
565;1194;imaginator non delerium.; 2004-01-18 21:04
566;521;habitatio quad et ; 2010-09-09 03:47
567;1170;et volcans quad et; 2006-10-01 05:56
568;1169;plorum linguens novum ; 2009-09-30 04:33
569;370;Tam homo, regit,; 2006-08-30 11:08
570;366;vantis. ut Quad ; 2008-10-04 09:39
571;780;gravis estis fecundio,; 2002-01-29 22:11
572;179;novum Multum; 2008-10-30 01:22
573;561;gravis manifestum ; 2010-07-27 04:34
574;1427;estis et non; 2004-08-05 10:03
575;368;egreddior apparens; 2008-05-04 10:13
576;705;si et plorum quantare venit.; 2007-03-31 08:48
577;95;Longam, sed ; 2007-06-06 00:07
578;1048;non novum plorum estum. estum.; 2010-05-21 02:10
579;1366;vobis dolorum ; 2005-09-04 01:36
580;1095;dolorum Multum et apparens; 2009-10-03 03:16
581;55;plorum eudis; 2002-05-12 12:34
582;60;plorum quantare ; 2003-09-02 21:16
583;808;eudis Tam apparens; 2007-04-18 21:38
584;1206;Longam, funem.; 2003-09-09 10:20
585;430;pladior linguens vobis; 2004-06-11 14:49
586;782;volcans fecit,; 2010-07-08 12:42
587;936;nomen in delerium. homo,; 2008-10-11 19:15
588;696;Pro linguens eudis; 2007-04-17 06:06
589;1477;gravis fecit. ; 2009-10-13 17:32
590;1388;nomen Versus quad manifestum; 2006-09-23 18:57
591;1458;fecundio, e ; 2003-06-13 13:26
592;1313;estum. Sed; 2003-02-26 14:25
593;416;delerium. in vobis quo; 2006-01-19 19:20
594;322;fecundio, e non linguens; 2009-06-30 18:17
595;1111;e venit. si ; 2004-10-17 22:35
596;177;in gravis quad novum; 2009-05-18 20:21
597;24;fecit. e quo, Tam ; 2010-12-21 03:18
598;1328;plorum non et ; 2009-12-19 19:34
599;762;linguens nomen bono linguens; 2007-06-10 16:07
600;633;quo non quis esset quad ; 2006-12-31 18:18
601;894;plorum plorum plurissimum ; 2004-08-05 23:46
602;125;et linguens ; 2007-10-09 15:21
603;411;quis si quad; 2005-06-28 18:25
604;1473;quo volcans quoque et ; 2005-10-27 23:25
605;248;novum quartu; 2009-02-12 20:32
606;350;novum esset Sed e gravum; 2007-08-02 10:22
607;18;ut Et travissimantor; 2003-11-13 22:06
608;128;imaginator quo, ; 2007-04-19 04:15
609;1527;gravis non; 2004-03-03 22:34
610;272;transit. volcans; 2004-10-25 09:54
611;1432;in transit. non ; 2007-03-29 00:02
612;1229;brevens, quo, trepicandor ; 2007-09-07 22:15
613;1402;fecundio, quoque; 2010-06-28 19:01
614;357;pars venit. plorum et ; 2004-12-21 13:23
615;1315;essit. si Longam, quis et ; 2006-07-30 15:22
616;1312;plurissimum ; 2002-09-07 10:22
617;679;esset nomen ; 2010-03-28 11:31
618;1284;vantis. Pro ; 2009-05-23 00:42
619;423;delerium. quoque trepicandor; 2009-07-25 06:08
620;1591;homo, habitatio Quad; 2004-07-12 08:22
621;537;e quo et et ; 2003-11-29 08:32
622;1493;apparens egreddior Pro vobis; 2010-06-15 23:50
623;210;pars bono Tam quoque vobis; 2010-12-17 11:00
624;1399;si si fecit,; 2010-12-06 16:11
625;1165;eudis volcans et; 2007-04-24 20:12
626;1565;parte plurissimum ; 2009-12-03 07:46
627;1317;Et quis quo Id; 2004-10-11 06:01
628;745;quad quad dolorum transit. e; 2003-01-27 10:17
629;194;esset funem.; 2010-10-18 11:27
630;1258;fecundio, quis; 2009-12-16 13:51
631;1249;ut et quo,; 2007-04-10 05:29
632;893;non delerium. ; 2008-06-16 04:33
633;452;et Longam,; 2004-12-11 10:02
634;1358;vobis Et brevens, novum ; 2009-09-03 07:17
635;1494;quo, Tam Pro; 2007-02-28 03:30
636;1488;eggredior.; 2005-08-02 21:13
637;203;bono regit, ; 2009-03-06 02:50
638;1405;quis travissimantor ut; 2003-06-22 22:12
639;1024;quo, parte; 2005-07-26 13:47
640;1368;estum. pars fecit, homo,; 2007-11-10 04:26
641;622;brevens, et funem. volcans; 2008-08-25 14:35
642;1215;linguens non; 2003-06-26 14:59
643;1622;quartu esset; 2005-02-13 07:31
644;1257;quantare Et homo, ; 2006-12-20 07:38
645;253;novum Pro quorum; 2010-06-27 18:54
646;440;transit. quartu ; 2006-10-05 15:10
647;891;quo fecit. plorum ; 2003-08-30 19:24
648;566;quis regit, quis pladior sed; 2003-01-30 05:57
649;1449;non quo in; 2004-12-02 02:54
650;1272;vobis travissimantor; 2004-02-11 12:13
651;453;pars imaginator Multum; 2010-02-20 08:49
652;30;gravum plorum ; 2003-08-01 02:36
653;1475;gravis novum estum. ; 2002-05-28 13:26
654;1041;linguens in gravis glavans; 2004-11-29 07:45
655;316;estis plorum travissimantor ; 1971-01-01 00:00
656;1037;gravum venit. fecundio, ; 2005-02-02 09:46
657;1481;quartu linguens ; 2005-02-19 23:55
658;1286;gravum eudis Multum ; 2007-10-23 04:20
659;172;et venit. pars; 2005-07-23 02:14
660;820;e Versus non; 2009-07-05 03:13
661;490;Sed apparens; 2010-03-12 12:46
662;1537;rarendum fecit, ut; 2004-10-22 04:20
663;1223;Quad quad et quis ; 2002-10-18 11:49
664;307;glavans et transit. ; 2007-07-01 16:48
665;207;quartu fecit, ; 2005-03-18 08:42
666;1022;esset quad esset imaginator ; 2008-07-17 04:24
667;355;eggredior.; 2009-10-11 19:29
668;895;imaginator transit. vantis. ; 2004-09-27 12:12
669;1641;Et linguens eudis ; 2002-10-26 11:43
670;1329;Pro quorum in linguens; 2008-10-23 09:53
671;1616;quo, funem. bono; 2002-12-28 18:09
672;257;nomen quoque linguens estis ; 2004-07-03 07:31
673;1452;quo fecit, ut ; 2008-10-06 13:18
674;1585;gravis et novum egreddior ; 2005-10-28 10:54
675;1466;non si trepicandor quantare ; 2003-09-16 01:41
676;1570;in vobis fecundio, si ; 2006-11-16 17:47
677;1408;Longam, manifestum dolorum; 2002-06-05 17:33
678;1308;quoque plurissimum transit. ; 2007-05-03 16:18
679;372;regit, vantis. linguens ; 2005-12-29 03:22
680;346;cognitio, cognitio, et; 2002-06-11 21:16
681;58;Quad quad eudis ut; 2002-07-21 05:01
682;512;quoque quad ; 2008-04-05 12:22
683;1514;quorum vobis gravum plorum; 2003-09-13 00:04
684;1428;trepicandor e ; 2009-02-24 07:22
685;462;Longam, quad et ; 2008-09-06 23:14
686;10;dolorum linguens bono quad; 2010-10-26 05:02
687;1276;si brevens, fecundio, quis Id ; 2005-09-10 02:53
688;1354;habitatio brevens, quo, ; 2008-01-20 15:06
689;338;fecit, Quad ; 2002-01-13 02:17
690;538;quartu quo; 2006-08-01 21:30
691;125;apparens fecit, fecit,; 2004-01-09 03:34
692;1606;estum. esset quantare et; 2008-10-10 16:52
693;1113;vobis parte quad; 2005-08-15 00:36
694;1168;egreddior e Longam, et Id ; 2004-12-17 18:59
695;1191;venit. egreddior; 2006-05-16 01:00
696;36;gravis si vantis. ; 2005-01-19 00:05
697;753;Multum dolorum pladior; 2007-11-09 02:45
698;1528;brevens, quad ; 2006-12-25 22:11
699;1118;in essit. non gravis quo, Sed ; 2010-11-27 22:49
700;275;et non in e ; 2009-06-04 03:14
701;215;novum quad quantare ; 2002-09-16 23:25
702;170;non cognitio, ; 2004-01-09 02:57
703;598;quo, plurissimum; 2002-11-05 07:40
704;620;imaginator; 2005-04-07 20:03
705;1543;quoque in regit, cognitio,; 2003-12-06 08:45
706;25;volcans cognitio, ; 2010-08-10 04:41
707;747;bono quorum plurissimum quo ; 2003-05-17 19:30
708;337;vobis regit,; 2008-10-02 15:41
709;284;gravis quad homo, quoque; 2009-09-11 11:44
710;414;in rarendum novum quad; 2009-01-12 13:58
711;1684;Longam, imaginator funem. in; 2004-08-30 16:13
712;1607;Versus trepicandor; 2008-10-19 07:37
713;1523;ut vobis linguens quad gravum ; 2003-10-26 00:58
714;1663;in fecit, in; 2005-02-11 04:58
715;1521;et Multum venit. ut ; 2008-12-15 22:11
716;692;Sed non Pro Tam ; 2003-12-08 00:24
717;1306;si essit. rarendum; 2003-02-10 04:16
718;323;Versus parte vobis in Quad; 2004-08-23 04:27
719;280;Tam quo apparens; 2009-10-23 17:34
720;1590;Multum e vantis. cognitio,; 2005-05-23 03:40
721;1703;quartu rarendum ; 2004-11-07 01:30
722;387;Sed glavans Pro ; 2003-09-23 04:22
723;1159;habitatio delerium. ; 2004-09-15 09:55
724;1519;novum egreddior ; 2007-03-26 14:13
725;823;funem. vobis; 2006-10-16 06:19
726;1478;bono et quis; 2005-03-19 01:17
727;43;vobis volcans ; 2009-11-18 06:55
728;888;parte nomen ; 2005-10-20 18:19
729;1063;Multum homo,; 2010-06-14 09:53
730;1079;vantis. Multum; 2009-08-27 01:36
731;844;quo, et plurissimum quis; 2010-01-07 15:01
732;724;habitatio quo quad in ; 2006-06-10 19:22
733;495;quad linguens esset ; 2007-06-05 17:28
734;459;estum. et fecit. quis sed ; 2007-07-27 00:08
735;836;fecit, sed; 2010-09-24 21:50
736;442;non si Tam trepicandor; 2009-07-12 02:03
737;1069;quorum cognitio, bono ; 2007-06-02 04:41
738;509;non manifestum quo; 2009-06-06 04:00
739;1617;quo, in apparens; 2007-03-22 22:36
740;1114;quo e Et et ; 2009-01-27 18:33
741;49;vantis. et; 2009-06-11 09:31
742;685;non volcans ; 2007-12-08 11:11
743;1361;fecit. plurissimum et glavans ; 2009-05-10 03:22
744;23;apparens estum. ; 2003-12-31 12:18
745;1222;quad vobis fecundio,; 2003-12-03 05:17
746;40;Longam, pars delerium.; 2006-03-21 19:56
747;1654;manifestum Versus ; 2006-12-17 15:53
748;154;quantare pars non volcans ; 2002-07-04 19:38
749;1009;funem. Versus ; 2007-01-01 20:47
750;305;estis linguens; 2004-06-09 00:36
751;57;plorum pars vantis. ; 2003-12-10 19:49
752;760;quo, gravis gravis; 2005-03-18 22:18
753;1497;plorum eudis et plorum bono ; 2008-03-03 04:37
754;1525;fecit, Tam in quo ; 2007-07-08 19:09
755;831;plorum Sed e bono ; 2006-07-29 01:43
756;1471;nomen Quad quad ; 2009-12-24 19:03
757;1440;regit, habitatio; 2010-04-24 17:02
758;137;dolorum eggredior. Et ; 2006-08-11 17:26
759;1416;in rarendum non ; 2009-06-22 13:44
760;1392;plurissimum ; 2009-09-18 07:28
761;938;quo delerium. fecit,; 2002-09-22 21:45
762;1076;fecit, Id plorum; 2008-07-27 01:11
763;300;in plorum dolorum ; 2009-04-20 05:47
764;1013;gravis plorum vobis ; 2002-01-16 10:08
765;1453;habitatio quad si Longam, ; 2010-01-04 22:57
766;1621;Tam quo plorum; 2009-03-21 20:51
767;948;quis gravum ; 2003-05-17 14:08
768;855;estum. et quoque delerium.; 2007-04-01 00:50
769;1541;Et volcans; 2005-05-19 07:07
770;1177;nomen Versus bono ; 2010-06-05 20:08
771;1270;cognitio, plorum; 2007-07-07 19:42
772;1593;in funem. glavans ; 2004-09-05 00:15
773;348;in et quantare habitatio; 2008-06-02 05:50
774;1516;quis nomen; 2002-09-26 23:00
775;1008;vantis. et; 2006-12-11 18:08
776;1718;venit. essit. imaginator ut et; 1971-01-01 00:00
777;1289;et rarendum in manifestum ; 2007-11-30 14:18
778;358;quad quantare ; 2005-05-15 00:59
779;940;novum nomen ; 2002-09-16 21:37
780;1310;transit. non Et ; 2005-04-24 08:56
781;1423;e quis parte parte imaginator ; 2002-07-28 10:22
782;363;travissimantor bono ; 2009-04-01 09:23
783;487;travissimantor; 2009-05-17 11:17
784;759;non estum. non in ; 2009-10-18 21:31
785;1595;quo transit.; 2008-01-06 09:17
786;1067;funem. quantare Tam nomen ; 2007-09-18 05:46
787;713;imaginator; 2006-10-22 16:43
788;1581;et in linguens; 2009-04-08 14:44
789;841;plurissimum regit, quantare ; 2010-11-27 22:19
790;433;et gravum et; 2002-12-29 22:24
791;783;vantis. homo, ; 2002-10-02 02:46
792;1398;homo, in volcans; 2010-03-19 09:01
793;1224;pars Versus delerium. ; 2002-10-22 11:15
794;1082;estis volcans et regit, ; 2010-12-14 14:15
795;59;ut estis vantis. sed; 2008-07-03 15:08
796;1584;e Versus parte; 2008-05-07 20:47
797;1333;plurissimum ; 2002-11-16 08:20
798;1619;Tam vantis. ; 2009-08-19 05:23
799;1105;fecundio, regit,; 2009-04-24 17:14
800;1349;non plorum; 2004-12-25 13:21
801;1083;quartu rarendum ; 2005-09-12 08:25
802;1004;et quo, habitatio et; 2004-11-05 05:48
803;125;vobis eggredior. pladior; 2010-09-17 15:03
804;661;regit, Id novum Et; 2008-02-15 12:30
805;735;vobis gravis plurissimum; 2007-07-29 00:39
806;1230;apparens pars eggredior.; 2007-12-03 04:53
807;1770;nomen plorum quad quis et ; 2010-04-05 19:33
808;1035;Quad Pro novum fecit, ; 2007-10-16 16:27
809;915;cognitio, quo ; 2007-06-08 05:36
810;70;quo fecundio, plurissimum ; 2002-07-29 01:00
811;1155;volcans estis bono; 2009-08-28 11:24
812;276;quad glavans linguens et; 2006-08-12 18:03
813;1763;gravum quad travissimantor; 2009-08-08 19:25
814;359;non e fecundio, ; 2003-04-20 08:30
815;869;eudis nomen ; 2008-11-26 03:22
816;381;novum quartu; 2002-06-19 22:04
817;582;volcans Multum et ; 2004-05-07 10:28
818;1056;quad Longam,; 2009-10-08 03:39
819;277;Tam travissimantor Longam,; 2003-04-15 20:29
820;1759;linguens si ; 2005-04-30 04:21
821;1456;Multum in quo quo Longam, quo ; 2005-03-16 06:14
822;79;non homo, plorum; 2010-12-13 06:06
823;244;quorum homo,; 2003-06-19 15:48
824;988;pars fecundio, vobis; 2006-04-03 02:25
825;797;estis Longam, ; 2004-08-18 04:20
826;1745;parte quad quoque nomen Et; 2002-03-20 11:06
827;965;plorum regit, nomen ; 2006-09-16 08:27
828;186;quo, ut e sed apparens; 2004-09-21 09:59
829;1753;regit, Sed; 2010-11-29 14:41
830;1569;quo nomen glavans ; 2005-05-21 02:13
831;331;linguens novum travissimantor ; 2006-01-26 09:48
832;206;linguens quoque ; 2009-04-12 08:55
833;972;si quo, si imaginator ; 2007-01-20 07:45
834;1054;linguens essit. quorum novum; 2008-09-21 08:15
835;441;quad venit. ; 2010-08-12 00:30
836;595;ut gravis parte non eggredior.; 2008-09-21 04:34
837;184;linguens plorum gravum venit. ; 2009-07-14 18:20
838;1172;quantare Et ; 2003-04-02 22:46
839;129;linguens fecundio,; 2004-03-23 20:52
840;775;si et Longam, ; 2002-02-04 04:24
841;1185;Quad fecundio,; 2008-06-13 10:13
842;1700;si quis essit.; 2010-01-06 00:15
843;1499;gravis novum; 2003-11-02 09:08
844;1480;cognitio, quartu gravum ; 2010-05-02 21:19
845;1784;quis estis; 2004-05-02 11:00
846;91;imaginator; 2007-02-19 08:42
847;668;novum pars; 2002-08-11 13:36
848;1657;delerium. glavans fecit,; 2010-07-04 02:44
849;636;quad nomen; 2004-01-19 10:53
850;1615;quorum dolorum quad eggredior.; 2008-01-15 17:03
851;1470;quo, eggredior. ; 2006-01-01 10:19
852;1579;et nomen Quad ; 2004-02-08 04:41
853;1233;pars egreddior quo; 2008-05-06 08:53
854;1086;regit, apparens ; 2005-12-26 12:52
855;1485;funem. manifestum vobis ; 2010-10-11 07:07
856;1219;linguens habitatio; 2005-09-30 02:19
857;1777;Et quantare ; 2003-05-20 13:59
858;1445;estis vobis sed gravum; 2006-06-17 12:38
859;37;pladior travissimantor quo; 2005-06-30 08:10
860;1563;trepicandor ; 2007-05-11 13:32
861;1018;quad fecit. pars apparens ; 2003-03-19 20:25
862;1670;venit. e e; 2007-07-16 09:33
863;739;apparens et volcans ; 2007-11-17 01:46
864;484;estis plorum pladior; 2004-01-19 03:23
865;1147;vantis. quo ut volcans Longam,; 2007-07-02 15:11
866;1281;volcans quad linguens ; 2002-05-19 02:29
867;987;fecundio, quo imaginator sed; 2010-07-23 10:18
868;1840;e eggredior. et et egreddior; 2002-11-18 11:09
869;1486;essit. plorum volcans ; 2003-09-08 08:00
870;1175;quoque parte nomen pars ; 2002-03-07 22:48
871;1373;quorum quo cognitio,; 2003-12-06 03:44
872;1582;dolorum fecit. cognitio, esset; 2003-02-05 11:41
873;995;Versus in funem.; 2007-07-18 06:46
874;77;quantare dolorum gravum quis; 2003-03-12 16:05
875;1209;linguens venit. ; 2007-11-16 18:08
876;1189;vantis. linguens Et habitatio ; 2006-03-10 05:58
877;957;quoque rarendum ; 2009-02-10 20:57
878;175;e Id dolorum; 2004-02-16 18:29
879;1505;quad eudis; 2003-12-02 15:24
880;1716;pars gravis quad; 2008-06-28 19:37
881;195;fecit, imaginator ; 2010-08-08 21:30
882;1655;non manifestum; 2007-03-15 05:43
883;1714;quo, volcans linguens plorum; 2002-09-03 23:06
884;168;bono transit. ; 2004-11-14 21:38
885;1513;non estum.; 2010-05-19 15:53
886;1435;si linguens ; 2003-12-20 05:07
887;790;dolorum quad estum. estum. quo; 2002-12-08 00:01
888;1822;imaginator fecundio,; 2003-01-25 18:52
889;850;novum et fecit. ; 2008-12-11 01:07
890;1131;estis Versus; 2006-11-12 22:10
891;731;novum e gravum; 2007-05-05 14:34
892;980;nomen plorum; 2005-01-28 05:42
893;325;estum. rarendum ; 2008-10-02 14:36
894;435;linguens pladior; 2007-11-13 07:20
895;1187;quantare quartu Id non; 2009-11-17 07:58
896;630;dolorum Id parte; 2002-11-30 00:39
897;1031;e quo, manifestum estum.; 2004-02-20 22:29
898;1529;transit. Longam, quo; 2010-10-14 05:45
899;1378;et delerium.; 2004-11-01 06:07
900;1227;eudis rarendum; 2003-12-16 08:30
901;770;Quad trepicandor; 2007-07-29 22:24
902;1025;regit, quo, ; 2010-09-23 02:26
903;625;NULL; 2008-10-26 18:43
904;1681;rarendum plorum ; 2003-11-14 12:05
905;1757;dolorum novum Multum; 2006-02-10 13:19
906;1731;plurissimum non homo, ; 2004-11-26 22:37
907;1292;estum. estum. ; 2007-07-23 21:54
908;1779;imaginator dolorum; 2007-02-25 16:48
909;51;vobis et novum quis ; 2009-02-08 18:44
910;1726;funem. et plurissimum Pro ; 2006-08-04 01:08
911;1625;vantis. brevens, sed brevens, ; 2007-08-19 05:21
912;212;e quorum Multum plorum; 2010-04-02 19:30
913;600;NULL; 2004-07-16 21:13
914;373;si manifestum ; 2008-01-01 12:32
915;208;trepicandor ; 2007-10-02 16:02
916;978;in in quad travissimantor ; 2007-01-04 14:42
917;1589;quo, essit. ; 2006-11-12 10:27
918;1012;plurissimum ; 2005-01-02 04:07
919;392;quad quo eudis; 2004-08-31 11:29
920;1127;regit, Sed; 2005-07-14 10:04
921;1340;imaginator; 2010-06-11 02:28
922;1771;Sed sed trepicandor ; 2009-06-28 15:25
923;202;gravis egreddior fecundio,; 2004-12-07 10:01
924;1359;egreddior venit. egreddior; 2007-10-26 09:50
925;1319;bono estis; 2005-11-02 08:13
926;188;transit. nomen; 2009-11-06 22:02
927;1620;Pro Quad volcans; 2005-05-04 21:04
928;228;nomen essit.; 2010-09-03 23:26
929;991;brevens, quartu dolorum ; 2004-04-24 08:06
930;629;in Id quad quad Et quorum ; 2006-12-18 17:29
931;198;nomen pars nomen; 2004-01-19 07:29
932;854;nomen et fecit, Et Id ; 2009-04-29 15:12
933;1036;apparens imaginator funem.; 2010-04-16 12:21
934;393;vobis brevens,; 2010-12-17 06:54
935;394;Et novum apparens plorum non; 2002-12-01 21:13
936;1504;volcans in quis brevens,; 2010-11-15 19:03
937;398;transit. et ut linguens ; 2009-05-18 10:59
938;369;esset sed trepicandor funem.; 2009-10-20 11:01
939;981;pladior pladior ; 2009-10-04 08:19
940;125;e et nomen quad ; 2007-06-23 17:15
941;386;quad brevens, ; 2007-05-29 07:13
942;581;habitatio non ; 2006-10-12 07:12
943;1038;quad quantare vantis. ; 2004-12-16 00:08
944;278;Quad in egreddior regit,; 2004-05-09 23:59
945;1919;Quad plorum quo quad; 2010-03-26 16:48
946;1556;quad Quad novum quad quo in ; 2008-02-01 19:04
947;569;venit. venit. ; 2002-07-15 08:29
948;751;venit. pladior; 2002-10-03 02:04
949;533;e eudis regit,; 2002-02-11 15:17
950;1633;vobis Multum Versus ; 2004-11-13 17:16
951;367;vantis. vobis ; 2007-01-17 14:11
952;591;travissimantor eggredior. ; 2010-02-17 18:21
953;796;quartu estum. ; 2008-02-13 18:16
954;1532;dolorum parte quis e; 2010-04-19 20:03
955;508;delerium. bono; 2004-07-06 06:02
956;436;quorum linguens ; 2009-01-30 06:58
957;984;estis plorum; 2007-10-17 16:25
958;1109;eudis Versus non; 2003-01-02 08:53
959;618;Id Versus linguens plurissimum; 2009-01-11 03:51
960;1687;fecit, eggredior. ; 2007-04-05 15:16
961;205;vantis. cognitio, eudis ; 2010-07-25 01:33
962;1531;brevens, Tam fecit. si; 2007-11-18 22:27
963;1643;vobis transit.; 2004-11-03 08:42
964;621;fecit. e homo,; 2004-02-23 01:15
965;1810;novum plorum; 2004-07-16 17:38
966;1725;et transit. apparens quantare ; 2009-04-20 14:09
967;1341;non regit,; 2010-12-17 07:08
968;1815;si gravum gravis; 2004-07-30 14:19
969;1693;venit. fecit. ; 2007-01-31 15:19
970;1751;quis pars et; 2007-11-16 20:59
971;657;Sed trepicandor ; 2008-08-18 03:42
972;514;linguens delerium. linguens ; 2008-01-22 23:26
973;403;brevens, Multum gravis quo; 2006-03-30 19:48
974;556;regit, vantis. esset; 1971-01-01 00:00
975;882;quartu quo vobis; 2008-03-09 18:13
976;1769;essit. linguens imaginator; 2009-02-15 02:51
977;1653;quartu e glavans; 2005-08-30 19:15
978;1387;estum. quantare et; 2006-07-14 15:17
979;1672;fecit, linguens ; 2002-07-31 10:02
980;1561;bono fecundio,; 2008-07-31 17:01
981;297;non et Id e eudis quo,; 2008-09-30 13:09
982;1959;quoque gravis ; 2009-04-25 13:33
983;192;Sed brevens, quantare ; 2004-08-02 19:00
984;1183;nomen fecundio, ; 2010-07-24 08:09
985;1941;quad vobis novum; 2010-06-10 14:49
986;1291;et Versus delerium. ; 2010-12-01 03:17
987;26;fecit, et Tam ; 2004-11-30 13:08
988;1462;Versus eudis quo novum; 2003-03-17 20:55
989;1875;brevens, pars ; 2010-12-27 16:17
990;714;egreddior venit.; 2008-06-13 00:51
991;1886;delerium. manifestum; 2004-10-31 14:14
992;1374;glavans brevens,; 2005-01-30 02:38
993;1124;in Quad eggredior.; 2008-05-17 02:06
994;504;travissimantor Id ; 2002-10-10 07:09
995;1459;et vobis trepicandor; 2004-07-01 17:02
996;507;si non estis plurissimum; 2007-11-29 15:42
997;813;dolorum funem. novum; 2010-07-10 08:45
998;1503;quad vobis non plurissimum; 2003-12-09 22:30
999;318;transit. Longam,; 2002-10-24 22:53
1000;1594;habitatio delerium. ; 2010-10-24 06:20
1001;1336;si brevens, ; 2002-12-07 02:39
1002;148;et volcans fecundio,; 2008-02-15 11:55
1003;1327;quantare gravum ; 2008-12-14 18:10
1004;544;eggredior.; 2006-09-01 10:44
1005;1869;linguens vantis. Longam,; 2005-03-27 18:18
1006;1636;fecundio, et; 2007-03-28 13:34
1007;1611;linguens Multum estis funem.; 2009-12-25 14:44
1008;804;trepicandor habitatio ; 2005-11-20 22:32
1009;1560;funem. regit, eggredior.; 2010-12-06 00:03
1010;187;essit. parte; 2003-03-05 17:12
1011;1148;esset nomen ; 2009-11-05 10:46
1012;1634;vobis pladior estum. eudis; 2004-07-19 15:41
1013;1786;transit. transit. novum ; 2007-03-20 06:22
1014;1454;quo pars pladior; 2005-06-02 15:52
1015;1732;Longam, et quad ut; 2002-04-13 14:42
1016;1171;brevens, estum. ; 2008-12-10 01:43
1017;1936;in Tam et quis; 2007-12-23 06:32
1018;1980;in ut Quad funem. Multum eudis; 2008-04-26 14:18
1019;530;quoque bono ; 2005-05-25 17:52
1020;1970;vantis. parte ; 2004-03-23 21:57
1021;722;transit. quo, ; 2010-08-16 04:30
1022;1134;pars estis in e Id homo,; 2008-02-04 17:14
1023;1696;pladior brevens, plurissimum; 2010-12-20 14:51
1024;1640;volcans linguens brevens, ; 2007-02-16 13:27
1025;113;gravum quantare dolorum novum ; 2004-04-02 01:05
1026;1558;eudis estis ; 2004-10-17 18:21
1027;1539;habitatio quo, estum. ; 2002-04-04 01:36
1028;577;plurissimum in nomen; 2007-04-15 16:17
1029;923;si gravis funem.; 2003-09-30 02:46
1030;1951;nomen non quad; 2002-04-12 02:30
1031;1775;Pro Sed quis; 2009-08-07 18:05
1032;1960;plorum fecit, imaginator; 2003-09-22 20:45
1033;1436;Versus rarendum ; 2005-09-20 16:24
1034;147;habitatio regit, vobis; 2002-10-07 03:42
1035;2009;in in egreddior ; 2007-08-26 14:22
1036;90;NULL; 2002-08-17 01:13
1037;1479;et non Versus ; 2002-05-12 19:23
1038;204;et plorum transit.; 2008-12-01 08:16
1039;1873;quad trepicandor novum; 2007-04-29 13:50
1040;1288;brevens, linguens ; 2005-03-16 01:15
1041;623;nomen quis; 2002-12-07 12:33
1042;1752;estum. nomen; 2010-01-09 14:36
1043;1410;e Versus plorum parte ; 2003-04-11 20:52
1044;1691;Id esset apparens ; 2009-10-24 23:04
1045;1421;gravis vobis; 2009-08-07 14:04
1046;125;si transit. ; 2002-04-14 22:33
1047;1823;gravis estum. nomen estum.; 2008-11-11 20:15
1048;699;Id fecit. non ; 2004-12-15 10:13
1049;289;et dolorum; 2002-06-29 16:26
1050;1518;gravis e e; 2006-07-22 15:19
1051;1841;vobis gravum travissimantor ; 2010-12-07 09:10
1052;1955;et si nomen si; 2004-03-15 18:26
1053;672;fecit. et si; 2009-07-16 04:38
1054;1925;funem. nomen quo; 2009-08-02 00:55
1055;451;Longam, quis plorum plorum; 2002-03-11 01:50
1056;1891;delerium. si; 2005-11-01 09:24
1057;1173;transit. Id quo apparens Pro; 2008-02-25 21:04
1058;2044;si gravis apparens; 2003-10-30 04:42
1059;1464;brevens, Id ; 2004-06-01 09:39
1060;96;Sed e fecit,; 2002-06-10 23:57
1061;1722;egreddior e ; 2006-12-25 11:57
1062;881;parte dolorum ; 2004-09-11 22:27
1063;1978;Versus essit. ; 2004-02-22 19:46
1064;125;NULL; 2010-08-26 21:32
1065;270;delerium. habitatio ; 2004-07-27 23:06
1066;1706;quo, si si; 1971-01-01 00:00
1067;564;non vobis plurissimum pars; 1971-01-01 00:00
1068;356;estum. quo pladior quo quartu ; 2008-02-14 14:01
1069;100;et imaginator ; 2009-10-28 23:16
1070;1520;Quad si linguens; 2006-06-14 02:40
1071;1395;Id Longam,; 2008-10-07 01:30
1072;794;nomen glavans quo Et plorum ; 2010-08-27 13:29
1073;1455;trepicandor esset ; 2008-07-31 06:19
1074;1638;manifestum delerium. regit, ; 1971-01-01 00:00
1075;1950;vobis plorum vobis gravis ; 2010-01-20 22:16
1076;1772;et volcans; 2002-12-30 00:28
1077;1626;plurissimum ; 2002-03-12 16:36
1078;1417;imaginator et ; 2003-04-18 09:24
1079;61;non delerium. ; 2002-08-07 13:53
1080;1014;Longam, vantis. nomen si; 2006-10-26 20:22
1081;670;Quad gravum apparens Longam,; 2003-02-26 15:46
1082;920;egreddior et; 2008-07-10 23:23
1083;1742;funem. venit. ; 2003-12-20 02:31
1084;658;imaginator; 2006-12-05 22:05
1085;1491;nomen quartu glavans linguens ; 2008-04-18 15:22
1086;1939;et volcans Sed; 2006-10-17 23:50
1087;1740;Pro linguens quoque ; 2008-03-09 11:26
1088;1487;eggredior.; 2002-05-05 17:20
1089;1744;brevens, estum. e ; 2007-05-25 23:39
1090;1662;et fecit, non volcans ; 2005-03-08 16:07
1091;1162;vantis. fecit.; 2007-02-18 15:28
1092;426;linguens vantis.; 2002-07-30 01:51
1093;1419;nomen cognitio, ; 2003-10-26 04:57
1094;1707;quorum gravis ; 2005-06-21 04:08
1095;2049;et Et vobis ; 2009-07-13 14:40
1096;498;trepicandor quad estis; 2006-07-02 22:36
1097;1557;homo, vantis. quis; 2006-11-19 13:53
1098;2008;vobis quo et; 2009-03-21 13:17
1099;1637;NULL; 2009-03-26 14:05
1100;5;Pro e bono; 2007-11-18 18:49
1101;1450;homo, si nomen et quantare; 2003-08-15 23:19
1102;1631;egreddior glavans Tam ; 2007-03-30 23:58
1103;1993;Longam, si; 2003-06-25 00:02
1104;2042;ut venit. Et; 2003-06-16 23:16
1105;1897;homo, non Et; 2004-05-31 17:35
1106;1089;delerium. quo esset ; 2007-03-10 08:43
1107;687;et bono esset esset Quad; 2002-11-02 02:57
1108;541;dolorum Sed ; 2008-12-21 08:59
1109;1832;plurissimum ; 2002-11-17 10:54
1110;1795;manifestum non linguens ; 2003-03-18 17:58
1111;1383;et non rarendum ; 2009-05-06 12:01
1112;1966;estis nomen ; 2008-04-16 15:31
1113;81;in plorum vantis. ; 2010-08-03 11:56
1114;930;quo imaginator et ; 2010-01-05 13:02
1115;455;nomen et egreddior; 2006-12-31 05:18
1116;1834;quorum quad ; 2006-04-20 05:19
1117;1807;quartu quo eggredior. e et; 2002-06-14 07:07
1118;691;estum. et cognitio, Pro ; 2006-07-06 01:51
1119;1280;sed eggredior. Versus ; 2009-09-06 20:35
1120;2092;dolorum novum ; 2008-11-24 22:37
1121;1773;Longam, plurissimum quantare; 2006-12-15 08:19
1122;28;fecit. et gravis; 2010-04-24 04:12
1123;1937;glavans et non Versus eudis ; 2008-03-03 23:27
1124;1956;quad glavans; 2004-12-08 21:54
1125;846;non quad quartu quo, brevens, ; 2004-09-10 07:48
1126;2104;quorum funem. Quad esset; 2005-11-16 00:48
1127;822;estis fecit, eggredior. ; 2006-12-13 20:33
1128;1987;vobis quartu Longam,; 2007-03-09 09:20
1129;973;quad venit. imaginator; 2010-01-17 15:39
1130;1974;plorum e si non in; 2005-07-21 23:39
1131;644;NULL; 2007-02-09 10:34
1132;1667;estum. quoque eggredior.; 2003-12-22 03:18
1133;1123;et quorum pars et Et e gravum ; 2005-01-21 19:19
1134;1721;novum fecit.; 2005-09-18 19:04
1135;288;quartu venit. Tam ; 2005-03-13 21:02
1136;1512;sed eudis Tam ; 2006-11-28 15:48
1137;799;bono Et quorum; 2007-01-17 23:20
1138;336;vantis. gravum; 2002-07-06 03:15
1139;1850;gravum quantare in; 2004-07-07 04:30
1140;1559;vantis. eudis trepicandor ; 2003-02-10 06:39
1141;2087;pladior Quad; 2005-12-16 20:52
1142;1648;delerium. non ; 2010-03-19 02:27
1143;2004;fecundio, Versus; 2010-06-18 06:25
1144;1467;homo, si essit. plorum; 2006-03-10 05:40
1145;960;in non linguens Versus vobis; 2006-11-02 04:05
1146;360;Quad non et ; 2009-11-02 23:57
1147;135;apparens et et quorum ; 2002-12-26 13:55
1148;124;Quad imaginator ; 2004-10-19 15:54
1149;1848;novum dolorum Quad; 2009-06-20 22:50
1150;1555;esset nomen Pro ; 2005-03-26 09:21
1151;1568;et et e Et; 2006-01-19 15:28
1152;594;novum fecundio, ; 2002-05-17 12:02
1153;1913;nomen quo et imaginator ; 2010-07-14 16:42
1154;396;eggredior. egreddior; 2002-05-02 15:27
1155;1068;et plorum quoque gravis ; 2002-12-05 10:30
1156;1294;cognitio, fecit, ut ; 2004-04-22 19:06
1157;1828;quoque apparens ; 2010-01-26 00:30
1158;2132;et et estum. quad ; 2009-07-16 02:08
1159;1724;manifestum; 2009-10-05 15:28
1160;1882;eggredior.; 2009-07-15 16:46
1161;1827;apparens apparens gravis; 2002-03-28 12:10
1162;2090;fecit, in in; 2006-08-25 17:37
1163;1011;et imaginator Quad Pro; 2009-12-03 17:20
1164;1915;linguens fecundio,; 2008-04-27 11:14
1165;926;eudis estum. homo, estum. e ; 2007-02-06 07:23
1166;1348;quorum et et eggredior. venit.; 2007-05-17 08:42
1167;1538;nomen plorum; 2005-03-26 20:12
1168;1314;fecit. et in quo; 2006-11-15 16:52
1169;2101;estum. ut eudis ; 2006-10-25 16:00
1170;1623;in plurissimum eudis; 2002-02-02 13:30
1171;224;et habitatio quo in nomen ; 2010-04-02 05:59
1172;78;parte si Quad ; 2010-12-09 03:52
1173;1889;gravum quo, ; 2003-12-30 21:20
1174;1296;quad gravis ; 2008-07-28 13:56
1175;1384;ut et quad regit, ; 2004-12-10 01:45
1176;496;Id gravis glavans ; 2007-09-28 05:51
1177;1843;fecundio, plorum rarendum ; 2010-11-05 21:46
1178;2153;regit, plorum bono e; 2003-12-26 17:47
1179;970;homo, quad; 2009-02-05 17:48
1180;789;quantare plurissimum quorum et; 2005-11-07 07:50
1181;1688;ut Multum delerium. ; 2004-11-21 10:52
1182;2141;plorum plorum non Sed ; 2004-02-25 04:39
1183;1370;quo novum quo, pars plorum in ; 2008-09-17 10:30
1184;1898;plorum et plorum; 2006-10-25 06:17
1185;744;fecundio, et; 2010-07-02 08:11
1186;141;essit. volcans; 2006-09-25 22:32
1187;956;Multum estis; 2004-06-08 10:36
1188;2100;egreddior Quad Id ; 2004-09-22 03:51
1189;1078;Multum non si gravis vobis e; 2004-10-15 08:33
1190;1954;nomen homo, vobis fecit,; 2002-11-22 01:55
1191;2023;pladior transit.; 2007-11-02 15:18
1192;1734;venit. gravis ; 2008-07-03 21:11
1193;1986;in fecit. si ut plorum; 2003-09-30 11:47
1194;1984;plorum plurissimum; 2005-12-22 11:44
1195;2014;sed funem. fecundio,; 2002-11-15 18:29
1196;1885;quoque trepicandor plorum ; 2010-04-23 03:15
1197;1953;Versus eggredior. ; 2002-04-16 09:07
1198;1872;non Longam, ; 2004-02-21 19:11
1199;1921;delerium. fecit.; 2010-01-31 22:16
1200;1442;et quad plurissimum ; 2010-06-17 19:22
1201;1254;et estum. novum linguens; 2006-08-10 03:45
1202;819;glavans quad; 2007-02-09 21:03
1203;389;si homo, non trepicandor; 2008-12-24 23:53
1204;234;egreddior bono quorum et; 2009-05-19 09:20
1205;1824;pladior vantis. ; 2005-12-24 03:22
1206;2152;linguens dolorum; 2006-02-10 11:36
1207;932;gravis in volcans ; 2009-05-17 14:41
1208;1629;vantis. et si ; 2003-12-18 02:46
1209;1260;quoque pladior; 2008-05-22 13:42
1210;1930;gravis e fecit. dolorum et; 2006-03-09 04:38
1211;1321;quartu transit. e non et; 2004-06-16 21:20
1212;1360;sed novum habitatio quo ut; 2008-02-01 06:42
1213;132;quad manifestum ; 2002-06-10 08:19
1214;2021;quartu Multum ; 2005-11-29 07:37
1215;415;estis pars; 2006-08-25 05:53
1216;127;pars quorum quartu plorum ; 2009-01-31 07:31
1217;606;regit, dolorum; 2008-12-07 07:06
1218;2147;nomen quoque gravis pladior ; 2005-02-09 11:02
1219;807;quad quo habitatio egreddior; 2008-10-26 03:03
1220;1677;et Multum Multum non glavans; 2002-05-14 08:51
1221;2181;pars Multum ; 2004-12-08 22:06
1222;1942;essit. bono ; 2002-07-05 16:20
1223;1931;estum. venit. ; 2004-02-01 08:18
1224;1553;non quad linguens nomen ; 2005-12-04 14:04
1225;1244;fecit, Longam, estis vantis.; 2005-04-01 22:12
1226;918;sed non e quad e sed brevens, ; 2003-09-30 08:47
1227;32;quo quis e; 2009-03-11 16:04
1228;1093;eggredior.; 2009-01-07 09:36
1229;15;quorum bono ; 2007-09-13 19:27
1230;1091;novum Quad Versus ; 2005-08-18 22:29
1231;1506;venit. quis ; 2007-06-14 20:44
1232;1601;trepicandor ; 2008-09-15 02:35
1233;2138;quis fecit. ; 2004-11-23 19:31
1234;1188;vantis. Multum; 2009-08-20 22:26
1235;1804;quad fecit. linguens quorum ; 2010-03-30 04:05
1236;2056;quad e et gravum quo transit. ; 2008-10-11 13:49
1237;2085;egreddior dolorum ; 2006-03-02 04:45
1238;1666;apparens trepicandor nomen; 2010-05-01 01:10
1239;2110;estum. nomen Longam,; 2002-11-02 02:55
1240;1902;fecit, sed; 2006-05-22 20:34
1241;1609;et Tam quad ; 2008-05-10 07:51
1242;1813;glavans venit. non; 2002-06-23 07:49
1243;1624;Multum si cognitio, estum.; 2007-05-02 14:08
1244;1418;et quorum non ; 2009-08-08 03:55
1245;2154;glavans si quad ; 2009-06-06 04:35
1246;2073;quad gravis ; 2010-10-01 08:35
1247;1251;e quantare; 2008-01-25 12:51
1248;317;quo nomen quartu; 2008-10-31 04:10
1249;2031;ut et et non Longam,; 2010-04-29 05:50
1250;1904;venit. vobis; 2004-10-14 10:58
1251;2173;fecundio, et transit. glavans ; 2003-05-17 20:08
1252;1910;non ut venit. ; 2008-03-05 22:05
1253;2065;nomen quo non estis ; 2006-04-27 16:08
1254;1221;homo, transit. non vantis.; 2009-09-20 13:25
1255;2145;non Quad novum et bono et non ; 2007-07-10 21:16
1256;1649;funem. Sed; 2006-02-05 11:24
1257;2098;plurissimum ; 2005-01-09 12:45
1258;1812;glavans Id; 2005-01-21 09:49
1259;671;homo, fecundio, imaginator; 2006-02-17 11:08
1260;1694;quo novum vobis ; 2004-03-26 18:34
1261;1081;sed eggredior. quorum ; 2007-12-01 19:32
1262;1983;gravis et plorum brevens, et; 2002-05-11 05:04
1263;2027;homo, eudis quartu et ; 2007-04-05 07:19
1264;2160;venit. e vantis.; 2004-10-04 15:13
1265;2063;plorum regit, apparens; 2009-09-24 07:54
1266;1060;novum eggredior. fecit. ; 2006-10-01 18:44
1267;379;nomen brevens, gravis Id; 2005-03-10 11:11
1268;2093;quad cognitio, rarendum ; 2003-10-20 09:53
1269;50;venit. vobis; 2006-09-01 03:31
1270;1833;novum quad; 2008-11-12 16:04
1271;1790;non Longam, ; 2004-12-02 02:45
1272;1639;trepicandor ; 2009-08-08 05:56
1273;834;non gravis; 2004-04-10 08:07
1274;2105;Longam, rarendum; 2004-06-06 06:28
1275;2231;quantare si quantare pars ; 2005-01-03 01:00
1276;1916;NULL; 2004-06-18 14:16
1277;2230;nomen Et parte linguens estis ; 2006-03-05 02:12
1278;878;si Longam,; 2005-06-25 04:22
1279;400;nomen Id Quad Versus in novum ; 2007-06-30 09:29
1280;2015;et novum esset; 2005-07-01 13:36
1281;41;pars quoque ; 2006-09-04 19:55
1282;1976;eggredior.; 2002-05-12 11:54
1283;2048;pars eudis; 2009-09-10 03:46
1284;2170;pars e si et brevens, fecit,; 2004-11-30 08:29
1285;1027;et trepicandor Sed; 2004-04-04 02:20
1286;1965;vantis. quo eggredior.; 2010-04-09 22:39
1287;2224;imaginator; 2004-05-21 10:26
1288;1365;travissimantor; 2006-03-05 06:05
1289;1322;delerium. venit.; 2004-02-12 01:09
1290;1854;imaginator; 2006-02-22 16:41
1291;2156;glavans plurissimum novum ; 2005-10-03 01:04
1292;1893;bono novum dolorum; 2003-02-09 18:56
1293;67;quo dolorum non nomen ; 2006-03-14 14:01
1294;812;quad plorum ; 2009-08-07 08:20
1295;1526;quad quis fecit. si ; 2009-06-21 01:02
1296;130;et quad e volcans ; 2008-01-01 02:46
1297;1146;gravum pladior esset Versus ; 2006-03-20 00:30
1298;1989;manifestum e; 2004-07-28 22:55
1299;1530;ut e et Sed egreddior ; 2010-11-13 20:01
1300;2061;et Pro fecit, novum ; 2004-09-05 09:50
1301;1535;brevens, gravis e ; 2007-07-24 21:24
1302;596;quad novum dolorum; 2006-04-08 02:58
1303;1880;vobis Et nomen dolorum; 2004-03-02 00:38
1304;2069;homo, pladior Quad quad quad; 2003-06-17 13:45
1305;1979;linguens quis ; 2010-11-12 08:12
1306;1390;gravis habitatio; 2004-10-08 14:12
1307;2206;Tam quo quo non gravum; 2005-11-26 13:57
1308;2103;nomen et Tam; 2003-11-22 09:39
1309;2239;vobis quo, esset quad ; 2006-09-18 12:24
1310;1400;quorum Quad Id; 2005-01-22 06:59
1311;1796;venit. ut et regit, ; 2010-12-03 09:11
1312;125;fecit, quorum sed quartu Pro; 1971-01-01 00:00
1313;247;glavans gravis vantis.; 2010-07-17 08:22
1314;2283;NULL; 2008-07-24 00:19
1315;578;plurissimum ; 2002-08-19 21:31
1316;2131;nomen apparens; 2008-07-21 22:38
1317;2300;venit. parte; 2007-07-23 07:37
1318;1605;fecundio, pars sed; 2003-08-31 01:18
1319;1907;in apparens Sed estum.; 2004-05-05 22:50
1320;424;venit. non; 2002-07-03 12:52
1321;1542;Tam quoque; 2010-06-16 09:14
1322;1071;Id quo quartu quo funem.; 2004-05-13 08:18
1323;632;Pro novum quad; 2010-01-05 05:05
1324;2242;plorum Longam, volcans non; 2010-09-07 08:43
1325;263;quantare nomen quoque ; 2002-07-10 10:50
1326;249;esset Id imaginator plorum; 2005-02-10 15:00
1327;1364;fecundio, in; 2003-10-24 07:49
1328;1394;pladior trepicandor Id; 2005-05-27 15:54
1329;2188;estis Sed novum ; 2005-09-02 23:46
1330;1490;vobis travissimantor funem. et; 2005-12-16 05:26
1331;1350;imaginator fecundio,; 2008-01-02 22:13
1332;1369;quoque eudis; 2009-03-31 13:45
1333;1420;fecit, nomen; 2003-08-08 03:16
1334;2151;egreddior et cognitio,; 2005-08-11 08:21
1335;1572;fecundio, e ; 2004-10-24 23:38
1336;1273;pladior pladior glavans ; 2008-12-07 16:12
1337;1324;et in bono vobis; 2002-05-30 16:57
1338;1879;estis ut gravis quo,; 2009-03-11 11:15
1339;125;regit, quoque ; 2008-03-26 14:00
1340;1679;plurissimum ; 2005-01-18 00:17
1341;2214;quantare nomen; 2010-06-26 12:08
1342;85;Multum Longam,; 2006-05-15 08:41
1343;140;bono transit. ; 2002-07-01 00:46
1344;1547;homo, venit.; 2010-06-16 17:41
1345;345;quad quad apparens quo, ; 2010-01-19 18:10
1346;2137;vobis cognitio, ; 2006-03-22 07:29
1347;2022;linguens fecit. non quo ; 2006-03-18 16:41
1348;896;travissimantor; 2005-07-18 18:36
1349;1502;plurissimum ; 2005-07-26 16:30
1350;905;fecundio, quo ; 2003-01-17 09:41
1351;1132;funem. e fecit, ; 2003-11-30 17:24
1352;1961;glavans Id quo sed vobis Sed; 2006-05-04 01:27
1353;1554;quo et ut homo, ; 2003-11-15 01:40
1354;2279;dolorum volcans et quoque ; 2004-01-27 10:03
1355;1592;nomen estis ; 2002-05-31 10:46
1356;769;nomen non pars quantare ; 2002-04-26 01:32
1357;2322;ut Id in cognitio,; 2008-07-18 16:18
1358;840;non Et Pro; 2006-07-31 18:14
1359;725;regit, vantis.; 2003-08-24 13:48
1360;1717;rarendum et ; 2009-05-05 22:45
1361;2169;non et Id rarendum delerium.; 2009-01-20 00:22
1362;1806;Pro linguens manifestum venit.; 2010-05-13 22:17
1363;2266;cognitio, Quad gravis ; 2002-03-26 14:11
1364;1052;quis bono fecundio, ; 2008-12-06 04:13
1365;742;plurissimum Sed Longam, Multum; 2009-09-15 14:11
1366;304;bono venit. ; 2006-10-23 17:13
1367;150;quorum estis in quartu volcans; 2009-04-28 05:55
1368;2258;quo, Quad gravis; 2006-12-07 00:01
1369;1867;habitatio Versus parte novum; 2005-09-30 00:41
1370;2139;linguens Multum gravis et ; 2004-09-11 05:19
1371;142;Multum imaginator trepicandor ; 2008-02-23 05:41
1372;2235;vantis. venit. trepicandor quo; 2009-05-12 20:22
1373;1080;quo pladior ; 2006-06-05 11:18
1374;12;non et plurissimum; 2010-04-17 22:33
1375;1461;Pro quo quo ; 2003-01-07 00:43
1376;89;quo, Versus ; 2006-02-02 00:33
1377;1197;Longam, pars; 2003-11-14 07:31
1378;1692;essit. si manifestum; 2010-07-21 11:24
1379;232;pladior quartu gravum novum ; 2002-08-19 14:33
1380;1381;linguens quo; 2007-04-20 03:20
1381;1944;pladior regit, Id ; 2009-11-24 22:19
1382;1039;e rarendum; 2009-04-06 13:13
1383;1332;estum. quartu non egreddior ; 2010-10-31 23:24
1384;1660;rarendum et ; 2004-08-17 14:04
1385;977;manifestum parte trepicandor; 2004-01-17 12:01
1386;1196;dolorum estum.; 2003-09-01 20:46
1387;1658;Quad funem. ; 2007-05-18 12:04
1388;877;in transit. plurissimum ; 2010-07-11 17:13
1389;2134;in Tam trepicandor estum. et; 2005-03-13 21:34
1390;125;novum apparens; 2004-07-01 22:06
1391;842;et esset venit. fecit,; 2002-05-22 23:53
1392;1708;non pladior novum ; 2006-10-29 22:43
1393;1814;e sed sed quorum vobis si ; 2007-07-19 21:27
1394;1343;quo linguens; 2009-11-20 15:15
1395;2310;esset et estis; 2006-12-28 23:54
1396;2241;Pro novum eggredior. et ; 2002-02-13 13:51
1397;640;delerium. trepicandor ; 2006-02-19 18:30
1398;2127;quad nomen fecundio, quo, ; 2004-07-24 20:33
1399;2115;parte travissimantor; 2002-10-02 03:29
1400;139;quad quo et estis ; 2005-03-30 00:56
1401;2201;regit, Id non Versus homo,; 2007-11-24 01:34
1402;1845;si vobis vobis; 2010-04-11 16:39
1403;2097;et in essit.; 2010-10-18 17:55
1404;1301;estum. linguens et venit. ; 2002-11-15 11:10
1405;2271;quo, et fecit, eggredior. ; 2005-11-24 04:00
1406;1588;delerium. quoque; 2005-07-19 21:02
1407;1540;quis eudis; 2010-11-28 14:09
1408;1923;quo, quad gravum; 2004-07-29 03:07
1409;1778;non plurissimum ; 2003-01-21 09:20
1410;2017;quoque nomen bono homo, ; 2007-04-28 10:12
1411;1610;quad ut si quoque delerium. ; 2009-06-11 18:01
1412;1817;bono parte non esset quad ; 2008-12-28 04:53
1413;2243;glavans cognitio, novum ; 2005-12-13 03:40
1414;136;et nomen si estis quartu; 2007-05-06 10:27
1415;1287;non egreddior ; 2010-06-11 00:26
1416;904;et et venit.; 2010-10-15 11:08
1417;2059;vobis plurissimum quo ; 2010-07-12 22:52
1418;483;Quad quo delerium. essit. ; 2008-08-08 00:06
1419;1533;dolorum non et; 2006-11-20 16:11
1420;1738;nomen plorum; 2008-01-15 17:24
1421;1320;plorum essit. in; 2010-06-07 05:09
1422;2357;quartu travissimantor quo,; 2009-10-17 12:41
1423;271;nomen travissimantor; 2003-09-26 02:26
1424;2244;in quo delerium. volcans; 2003-04-01 02:35
1425;125;e Tam Pro gravis; 2004-04-22 05:25
1426;27;pars non Quad ; 2003-04-27 06:57
1427;259;manifestum; 2003-10-25 22:54
1428;864;eudis quo e ; 2007-07-15 20:03
1429;2114;quo transit. quis venit.; 2005-04-20 22:38
1430;1701;plorum esset Id apparens; 2002-11-24 10:51
1431;1892;Tam plurissimum ; 2010-12-13 06:03
1432;1125;dolorum si; 2010-04-21 10:58
1433;1372;funem. quo; 2009-10-20 07:54
1434;868;et dolorum estis; 2008-05-21 13:37
1435;319;non in trepicandor ut Versus; 2010-05-27 01:46
1436;211;dolorum eggredior.; 2010-08-15 05:39
1437;1997;Id quad quoque; 2009-06-18 19:18
1438;296;gravis vobis; 2009-12-17 12:14
1439;1776;transit. funem. Pro ; 2009-09-23 10:04
1440;2000;e pars regit, quad si novum ; 2009-06-29 14:59
1441;44;Et Pro estum. Longam, dolorum ; 2003-10-04 06:37
1442;2296;et si sed quis linguens ; 2004-10-20 08:57
1443;1783;cognitio, habitatio Quad; 2009-06-21 07:53
1444;1720;eudis quoque quis plurissimum ; 2008-11-15 11:21
1445;1106;novum Quad; 2006-01-20 04:04
1446;1900;estum. quantare ; 2004-05-24 19:00
1447;2273;delerium. rarendum Pro; 2002-11-17 19:03
1448;2007;novum vobis Multum estum. ; 2002-03-16 11:00
1449;2290;ut Multum et; 2010-06-11 14:48
1450;1339;delerium. pladior ; 2007-03-15 12:45
1451;1277;in essit. vantis. ; 2002-08-03 14:59
1452;925;egreddior sed essit.; 2008-07-13 18:23
1453;66;Versus nomen novum eggredior. ; 2008-09-03 04:21
1454;1344;quo delerium. ; 2005-09-16 10:05
1455;2045;non glavans quad non; 2005-10-22 19:47
1456;2025;quantare linguens regit, Id Id; 2009-02-05 12:52
1457;2402;sed novum delerium. ; 2008-07-17 14:13
1458;68;manifestum; 2009-07-20 15:20
1459;900;vantis. quorum; 2009-07-25 05:45
1460;1108;nomen linguens et ; 2004-07-30 21:03
1461;1375;habitatio quad novum vantis.; 2003-09-25 22:07
1462;1028;dolorum regit,; 2005-05-16 18:05
1463;990;novum Id parte; 2010-04-09 04:29
1464;330;Multum quartu ; 2002-02-27 22:28
1465;1765;plorum ut Multum manifestum ; 2007-05-16 04:09
1466;2183;bono eggredior. novum ; 2010-02-20 07:03
1467;1472;Et delerium. in ; 2010-03-09 20:59
1468;2441;quis Longam,; 2008-07-23 14:02
1469;1728;essit. travissimantor ; 2007-12-10 08:40
1470;815;et si linguens; 2010-10-26 18:46
1471;1659;vobis essit. Versus ; 2003-04-29 15:50
1472;1015;travissimantor; 2002-07-27 10:38
1473;1651;Id imaginator Quad et ; 2009-11-14 14:02
1474;1252;nomen in trepicandor; 2008-05-23 01:12
1475;125;fecundio, in; 2006-04-14 10:47
1476;1680;quis et quad dolorum gravis ; 2007-08-18 20:11
1477;529;et fecundio, nomen quis ; 2002-04-29 04:48
1478;2356;fecit. rarendum delerium. pars; 2005-11-09 15:04
1479;1463;quoque apparens ; 2008-03-10 22:30
1480;1411;quantare bono si; 2010-11-28 10:25
1481;2415;et brevens, ; 2002-06-10 11:54
1482;2240;si venit. funem.; 2003-08-12 11:54
1483;2248;quis venit. vobis novum ; 2008-02-03 05:14
1484;1580;non nomen pladior plorum; 2009-02-05 09:52
1485;1217;essit. quo rarendum quorum; 2002-04-23 19:52
1486;499;quorum bono Et brevens, ; 2004-06-01 11:39
1487;1413;eggredior.; 2003-08-19 06:37
1488;2458;ut et travissimantor funem. ; 2006-02-03 21:49
1489;516;Sed e linguens; 2004-07-30 17:50
1490;2032;Quad bono ut; 2003-04-21 12:53
1491;2215;novum in si ; 2004-01-29 15:26
1492;2375;plorum Longam,; 2010-11-29 03:57
1493;693;Multum glavans gravis si Tam; 2002-05-26 06:29
1494;125;si estum. plurissimum non ; 2007-02-24 13:00
1495;395;nomen transit. plurissimum; 2007-10-05 16:52
1496;1914;et glavans travissimantor ; 2009-05-19 12:31
1497;2382;fecit. et et gravis nomen ; 2005-07-13 04:27
1498;1583;trepicandor apparens Pro; 2009-04-24 09:25
1499;486;Tam eggredior.; 2003-07-04 07:12
1500;1932;cognitio, et gravis in; 2006-11-29 21:01
1501;2185;quartu rarendum ; 2005-03-16 22:00
1502;500;non Id si cognitio, ; 2005-04-26 05:00
1503;1600;pars Pro nomen funem. Multum; 2005-04-06 02:19
1504;656;transit. Longam,; 2010-08-15 20:02
1505;2392;imaginator Et ; 2005-11-16 20:55
1506;583;fecit, homo, Id quo,; 2002-01-08 04:20
1507;1166;plorum nomen plurissimum; 2009-08-29 04:21
1508;551;et et trepicandor rarendum non; 2002-04-14 03:08
1509;2186;habitatio parte volcans et; 2010-06-03 23:18
1510;2380;Sed habitatio ; 2009-03-05 23:35
1511;2431;plurissimum ; 2008-10-10 08:04
1512;1977;gravum Id quo ; 2004-09-07 23:08
1513;2117;dolorum plorum quantare ; 2003-05-12 16:49
1514;1754;volcans delerium. novum ; 2009-08-26 19:19
1515;125;si quo quoque bono; 2004-02-21 09:09
1516;1271;et novum esset; 2002-02-14 10:13
1517;2135;non estis regit,; 2008-04-12 12:51
1518;1218;brevens, in ; 2003-03-04 18:37
1519;153;bono Id quo ; 2010-11-06 02:35
1520;2393;regit, quad ; 2004-12-14 16:30
1521;312;quo linguens; 2008-07-05 00:25
1522;2497;quad non Versus ; 2006-02-03 23:10
1523;125;trepicandor gravis; 2005-12-24 20:12
1524;585;e dolorum non egreddior ; 2006-08-21 19:46
1525;2477;glavans gravis Quad regit, quo; 2008-09-28 03:20
1526;2199;bono fecit, regit,; 2003-05-31 11:52
1527;29;cognitio, Pro ; 2002-03-04 04:09
1528;1847;quartu venit. non ; 2004-09-21 01:01
1529;1508;Id quad volcans essit. e e; 2002-08-19 08:20
1530;2077;ut in quoque plorum nomen ; 2007-11-25 22:15
1531;771;quad venit. ; 2004-02-06 15:44
1532;1363;linguens fecit, ; 2004-01-04 19:23
1533;1101;ut quartu quo, vantis. Pro Id ; 2004-05-09 07:52
1534;1536;et delerium.; 2003-04-13 01:28
1535;2348;gravis non; 2007-09-14 12:24
1536;22;bono trepicandor habitatio; 2008-02-14 06:53
1537;329;fecundio, estum.; 2009-05-07 09:34
1538;2391;Sed quo, Versus ; 2008-06-19 09:12
1539;1958;non pars parte; 2005-03-22 12:57
1540;2066;sed ut dolorum imaginator ; 2002-04-16 15:31
1541;723;regit, volcans; 2005-10-03 07:18
1542;1711;non habitatio estis ; 2003-05-08 03:28
1543;2404;regit, venit. quo Sed ; 2006-09-01 22:31
1544;2424;Versus volcans trepicandor; 2006-05-26 18:15
1545;746;novum gravum quantare ; 2005-07-11 04:49
1546;2072;non habitatio ; 2010-05-22 16:18
1547;2446;volcans Multum quo; 1971-01-01 00:00
1548;1300;Id cognitio, vantis.; 2009-07-20 11:07
1549;1715;linguens apparens ; 2003-09-29 11:09
1550;2408;linguens homo,; 2005-01-04 03:51
1551;871;habitatio fecit.; 2007-08-22 06:39
1552;1468;quis sed Et ; 2003-02-06 23:40
1553;1935;transit. non homo,; 2004-05-11 09:50
1554;1713;trepicandor non quo pladior ; 2009-06-18 06:49
1555;2362;esset quoque quoque quo,; 2009-07-19 14:42
1556;2184;Versus estum. et quantare ; 2009-05-26 20:35
1557;474;Pro plurissimum in quo, fecit.; 2010-02-09 22:50
1558;471;quo non parte Quad; 2010-05-02 08:47
1559;1816;fecit, rarendum Versus in ; 2009-08-15 06:32
1560;1103;imaginator; 2003-11-18 16:41
1561;2216;in essit. gravis; 2004-06-19 09:02
1562;1145;non estum. novum; 2010-11-06 00:11
1563;555;eudis Multum; 2006-12-09 03:19
1564;1460;pars fecundio,; 2010-08-25 18:48
1565;125;Id plorum quad; 2004-07-10 01:02
1566;252;e sed non Pro ; 2007-01-29 07:50
1567;2541;quis et parte ; 2006-10-07 12:40
1568;2339;non regit,; 2002-05-02 15:15
1569;2003;esset plorum; 2002-01-30 15:21
1570;376;si Quad Longam, homo, ; 2003-12-14 06:54
1571;2397;Longam, fecundio, ; 2007-01-07 02:15
1572;407;e dolorum pars; 2003-10-10 00:38
1573;1265;si quoque rarendum; 2010-10-24 03:39
1574;2448;nomen Et quantare ; 2008-12-12 05:39
1575;1117;et transit. ; 2010-07-23 11:03
1576;83;quis in linguens fecit. ; 2010-03-13 09:11
1577;2406;Versus homo,; 2007-02-28 20:57
1578;2289;et Tam fecundio, dolorum; 2010-06-04 00:38
1579;612;transit. eudis; 2010-07-31 01:57
1580;2514;quartu quo, rarendum non; 2003-02-11 14:56
1581;748;in trepicandor; 2009-05-08 11:02
1582;2311;quoque quad ; 2004-11-10 00:44
1583;2212;e rarendum; 2009-06-04 16:59
1584;811;et ut quad funem. non brevens,; 2010-09-16 21:10
1585;2091;si quo in vantis. ; 2005-12-28 01:40
1586;1140;travissimantor; 2006-10-19 22:35
1587;2211;fecit. plorum fecit.; 2010-09-27 05:53
1588;650;Et et Tam vantis. quis; 2005-07-18 12:33
1589;1988;NULL; 2005-10-20 17:10
1590;1787;quoque pars ; 2004-11-16 04:52
1591;1180;funem. et non Quad Multum ; 2008-08-03 13:33
1592;1136;travissimantor et ; 2008-10-13 22:05
1593;2338;et nomen plorum ; 2010-09-22 03:02
1594;2364;glavans quartu; 2006-08-02 16:30
1595;1811;si Quad vantis. ; 2002-10-04 03:55
1596;2236;pars vobis; 2002-06-10 15:20
1597;1836;egreddior et Multum ; 2009-10-25 03:58
1598;1632;e Pro gravis; 2003-09-12 08:39
1599;2217;e vobis fecit, et in; 2004-02-23 21:28
1600;1924;imaginator plorum volcans si; 1971-01-01 00:00
1601;761;et Et nomen ; 2010-04-27 10:24
1602;2179;esset estum.; 2009-10-03 16:09
1603;2435;plorum quo; 2010-01-21 01:02
1604;587;pars essit. plurissimum quo,; 2009-06-20 19:46
1605;949;Quad quad et; 2010-10-16 04:14
1606;2461;si nomen quo si ; 2008-12-28 01:35
1607;221;ut quorum non gravum; 2005-11-13 06:00
1608;590;funem. travissimantor pladior ; 2003-04-15 20:00
1609;793;sed Quad gravum ; 2006-05-30 04:10
1610;1733;vobis quantare glavans; 2009-11-25 19:45
1611;2390;nomen et non fecit, regit,; 2010-05-08 05:30
1612;2259;quad estis; 2004-03-28 23:37
1613;2294;funem. e homo,; 2010-09-07 22:11
1614;2050;fecit, in regit, quad ; 2010-10-02 06:50
1615;2462;egreddior linguens gravum Quad; 2008-07-04 15:35
1616;2074;regit, vobis; 2005-07-12 05:39
1617;1352;egreddior et regit, bono; 2010-08-09 08:17
1618;1501;egreddior plorum vobis Sed; 2003-06-04 07:11
1619;209;in quo Et linguens; 2007-03-24 06:09
1620;1835;egreddior quad quoque ; 2006-08-29 17:07
1621;1652;trepicandor ; 2008-09-20 02:26
1622;2309;eggredior. plurissimum; 2007-05-04 01:56
1623;2531;parte non transit. apparens ; 2003-03-23 00:06
1624;226;et apparens ; 2007-07-12 22:04
1625;1437;glavans parte ; 2008-03-15 10:28
1626;678;ut eudis Multum ; 2006-05-11 17:21
1627;125;fecundio, Versus essit. quad; 2009-03-25 04:10
1628;553;Quad quo, Tam ; 2004-01-17 21:35
1629;1544;eudis pars; 2006-03-24 11:08
1630;2191;estis linguens essit. ; 2008-03-11 01:44
1631;2343;Multum quorum glavans ; 2010-02-12 19:43
1632;2372;volcans brevens, linguens ; 2002-05-20 05:13
1633;2272;rarendum e et linguens Quad ; 2005-06-19 12:18
1634;246;venit. ut Multum in ; 2008-04-11 03:10
1635;1433;homo, Id quantare ; 2002-04-05 15:33
1636;2384;funem. estis; 2004-05-09 22:47
1637;2540;e quad et et sed; 2010-04-17 09:59
1638;125;estis in cognitio, volcans; 2006-05-22 04:58
1639;1627;vobis estum.; 2009-08-19 12:45
1640;2487;linguens Sed; 2003-09-20 19:34
1641;2264;rarendum et ; 2002-02-14 19:40
1642;1425;imaginator fecundio,; 2005-07-07 02:34
1643;1098;parte Sed e ; 2006-05-01 01:43
1644;2292;venit. Id quorum volcans; 1971-01-01 00:00
1645;1755;et non Multum plorum plorum ; 2006-08-22 16:47
1646;125;plorum quad et; 2006-06-14 11:40
1647;2257;et parte nomen egreddior estis; 2002-08-21 05:15
1648;2340;quantare et ; 2008-11-25 15:22
1649;1562;novum travissimantor; 2009-01-11 15:15
1650;2468;Multum quartu plorum parte; 2004-03-20 11:26
1651;2057;vobis egreddior in; 2003-01-22 10:51
1652;2473;parte quantare plurissimum; 2003-02-24 19:37
1653;695;Pro brevens, fecit, ; 2010-01-06 08:08
1654;875;parte homo, quad e; 2004-08-03 21:49
1655;2608;nomen ut regit, ; 2008-01-13 15:31
1656;2001;Et novum nomen; 2006-06-04 19:01
1657;2018;plorum gravis cognitio, ; 2004-12-25 08:27
1658;2524;Longam, vantis. non ; 2008-07-14 16:02
1659;1614;regit, in quantare venit. in; 2004-07-12 02:57
1660;2329;egreddior quartu quartu Versus; 2003-04-08 09:18
1661;2422;eggredior.; 2006-06-07 10:53
1662;1799;et et gravis; 2010-10-04 21:25
1663;110;Quad Sed brevens, ; 2003-10-28 08:25
1664;2317;nomen Pro quad; 2008-01-22 08:51
1665;1511;gravis quorum ; 2009-03-20 02:25
1666;639;cognitio, rarendum Multum ; 2010-10-13 00:02
1667;1888;quo, funem. ; 2009-12-20 00:17
1668;604;eudis plorum quad quad; 2009-10-09 11:19
1669;2544;et Id et plorum ; 2004-05-29 19:01
1670;2618;et plurissimum; 2010-06-29 15:17
1671;2354;e in quad plorum Quad ; 2006-02-25 16:47
1672;1259;homo, novum linguens; 2006-03-26 19:39
1673;92;linguens funem. et; 2006-03-21 03:18
1674;2507;linguens vobis; 2004-10-14 18:26
1675;1782;trepicandor quartu; 2005-07-04 10:34
1676;2599;egreddior plorum; 2006-07-15 21:27
1677;2447;homo, plurissimum gravis; 2005-03-16 23:52
1678;2254;vantis. regit, manifestum ; 2003-01-04 00:13
1679;309;si linguens ; 2007-07-31 07:19
1680;2626;gravis gravis homo, et; 2003-01-29 10:24
1681;951;vantis. funem.; 2007-07-27 05:13
1682;1061;cognitio, et; 2008-06-15 01:58
1683;1448;essit. quad vobis ; 2002-03-14 12:54
1684;460;vantis. non ; 2010-10-29 10:09
1685;1630;dolorum vobis ; 2005-03-03 00:17
1686;2293;pladior parte ; 2007-01-16 06:06
1687;1981;pars brevens, venit.; 2002-02-07 11:35
1688;911;Quad quoque ; 2008-10-15 07:24
1689;2640;gravis fecundio, plorum ; 2008-06-05 20:47
1690;892;in quis quad; 2003-11-08 08:08
1691;2189;apparens novum et imaginator; 2008-04-10 07:05
1692;2190;et estum. nomen ; 2006-10-26 06:45
1693;575;quantare quad manifestum; 2007-10-07 07:02
1694;2512;pars apparens ; 2005-02-13 19:39
1695;2609;dolorum fecit. plorum ; 2005-03-15 01:51
1696;848;et quad rarendum; 2003-12-16 22:09
1697;2316;vantis. pars fecundio, si ; 2009-04-19 11:15
1698;2053;quo non rarendum Tam pladior; 2008-06-14 17:43
1699;1371;Quad vobis quo linguens Sed ; 2008-02-10 23:17
1700;1723;imaginator bono cognitio, ; 2006-11-09 16:45
1701;1112;volcans Sed essit.; 2007-06-25 11:23
1702;236;vobis quad cognitio,; 2003-11-11 17:55
1703;2552;Sed dolorum novum ; 2006-06-29 20:20
1704;1355;si Longam,; 2009-07-14 23:57
1705;2298;non dolorum ; 2009-01-22 18:38
1706;2457;in Quad vobis ; 2007-10-28 15:11
1707;2037;Quad homo, nomen estis; 2007-12-06 16:19
1708;2012;gravum parte manifestum gravis; 2007-03-25 13:41
1709;1668;et in apparens; 2010-01-30 11:14
1710;1647;fecundio, quantare; 2003-07-01 18:03
1711;1793;delerium. fecit, Quad ; 2003-03-21 19:09
1712;2205;funem. funem. ; 2003-12-23 08:13
1713;1934;egreddior ut regit, brevens,; 2002-12-16 08:43
1714;1860;pladior imaginator; 2003-06-14 16:33
1715;2688;pars plorum egreddior ; 2006-09-12 04:05
1716;651;novum quartu; 2008-12-22 08:54
1717;721;et Multum Id; 2010-07-24 08:30
1718;1604;non fecundio, ; 2003-12-29 22:16
1719;2543;in si Id et delerium. quartu; 2004-11-21 08:34
1720;1801;novum quo quoque; 2004-03-04 20:19
1721;2417;vobis pladior et; 2010-09-05 12:26
1722;1698;quoque Versus ; 2003-03-07 16:52
1723;2506;non quo, quoque ; 2003-05-06 14:32
1724;1045;gravis non regit, Multum; 2002-07-23 10:52
1725;2653;si non eudis; 2004-03-21 08:11
1726;2500;quis quoque ; 2010-05-02 10:02
1727;2556;venit. homo, e; 2009-06-19 12:37
1728;2651;estum. esset; 2003-02-05 07:39
1729;1198;Tam fecit,; 2010-08-01 16:34
1730;2281;Longam, pladior quad; 2003-07-20 12:25
1731;2595;quoque quorum homo, ; 2008-03-27 10:12
1732;2193;si et eggredior.; 2007-10-02 06:09
1733;2533;novum brevens, novum; 2005-11-23 00:56
1734;1903;novum vantis. si; 2002-09-21 14:33
1735;1858;transit. si apparens; 2006-08-05 23:00
1736;2418;quartu homo,; 2005-09-15 11:17
1737;1727;estis habitatio ; 2003-12-18 05:38
1738;2333;et Multum Pro glavans Id; 2003-08-30 12:57
1739;1362;si et quantare; 2003-10-07 15:30
1740;539;Id Et Pro quantare linguens ; 2008-05-05 09:05
1741;2213;egreddior ut quad gravis; 2010-02-09 13:47
1742;2710;quad Tam et eggredior. quo; 2005-11-14 21:54
1743;2563;Id Tam volcans; 2009-09-14 20:09
1744;2465;apparens fecit, ; 2006-12-07 02:43
1745;171;gravum et gravum quad eudis ; 2002-08-20 12:59
1746;2363;quad ut habitatio vobis ; 2006-04-19 22:51
1747;1949;travissimantor; 2005-11-10 22:02
1748;982;quo plorum nomen estum. ; 2006-04-25 14:28
1749;1075;et nomen vantis.; 2009-06-03 15:34
1750;2335;novum si gravis et; 2007-03-23 16:57
1751;383;Pro linguens; 2004-05-24 13:38
1752;749;travissimantor; 2007-04-22 12:58
1753;2208;esset venit. bono ; 2005-07-25 09:08
1754;733;ut Longam, transit. ; 2005-12-09 02:58
1755;861;pladior linguens e; 2007-03-06 04:18
1756;2319;e quo Pro apparens in novum ; 2006-04-20 18:30
1757;2416;Et plorum manifestum; 2002-07-09 03:23
1758;1927;imaginator; 2005-12-08 09:28
1759;835;egreddior Pro ; 2007-04-26 15:45
1760;2062;pladior apparens et ; 2009-09-22 08:36
1761;2398;regit, eggredior. bono et quad; 2009-05-10 02:34
1762;2572;et pladior in ; 2006-11-01 08:39
1763;2269;volcans manifestum; 2007-08-23 21:06
1764;1774;si Et gravum; 2008-07-13 22:48
1765;1819;Sed funem.; 2006-04-05 07:50
1766;2325;travissimantor fecundio,; 2006-06-19 13:00
1767;2099;plorum quoque ; 2009-01-29 07:17
1768;227;gravis cognitio, Versus novum ; 2002-03-27 18:09
1769;2737;et linguens ; 2007-11-08 17:32
1770;2480;nomen quo,; 2002-12-28 16:47
1771;2454;sed glavans ; 2007-01-06 03:16
1772;2120;manifestum; 2008-11-24 19:33
1773;2016;quo, estis; 2002-03-25 06:45
1774;979;e Id non pars pladior quo bono; 2007-07-18 23:28
1775;1943;in vobis Multum fecit,; 2005-01-23 06:31
1776;2223;linguens quo, fecit,; 2006-10-22 14:32
1777;827;Versus et gravum; 2004-06-21 20:43
1778;1393;habitatio Sed parte ; 2007-05-30 11:48
1779;437;bono et linguens; 2010-12-02 21:53
1780;1158;dolorum estum. quo cognitio,; 2008-12-01 09:20
1781;1940;quantare manifestum quo ; 2006-06-22 12:00
1782;2606;Et e nomen vobis; 2005-02-24 22:08
1783;2438;eggredior.; 2004-09-02 16:04
1784;2676;fecundio, regit, non glavans; 2005-05-11 23:37
1785;2082;gravum et Longam, quad; 2010-02-24 22:47
1786;2437;plurissimum ; 2002-12-06 21:13
1787;2388;funem. quad ; 2004-03-09 21:00
1788;1690;quo Pro Versus; 2010-12-14 21:57
1789;2751;si gravis in; 2006-07-18 10:15
1790;2165;glavans quorum; 2002-04-18 04:30
1791;1712;quad in Multum; 1971-01-01 00:00
1792;2519;apparens et ; 2005-03-10 07:54
1793;2359;fecit. si et; 2009-01-08 20:10
1794;1483;quantare trepicandor; 2007-05-05 21:11
1795;2614;travissimantor; 2005-01-14 06:54
1796;80;Longam, cognitio, si; 2009-12-26 06:30
1797;2742;NULL; 2005-04-11 05:07
1798;2168;estis Versus; 2009-03-24 00:47
1799;2366;quorum non; 2003-03-04 21:20
1800;858;funem. ut plorum; 2002-09-03 18:52
1801;125;funem. habitatio; 2007-03-02 23:59
1802;390;regit, quorum non ; 2008-03-20 15:33
1803;655;Quad Versus ; 2005-08-17 03:53
1804;2443;eudis estis Sed homo, ; 2009-06-16 20:55
1805;1809;Longam, novum linguens; 2008-06-06 22:46
1806;2005;si imaginator ; 2002-03-18 13:41
1807;1947;glavans parte ; 2006-06-29 18:05
1808;2527;ut plorum parte ; 2007-01-29 06:13
1809;313;et Versus quad parte; 2009-01-06 09:40
1810;1748;et pladior; 2002-11-16 20:26
1811;738;quo Longam, ; 2002-05-15 13:45
1812;579;quad rarendum ; 2003-10-30 21:47
1813;1945;quad novum linguens quoque; 2006-02-08 15:34
1814;1164;fecundio, linguens; 2006-01-05 11:34
1815;1794;Sed Sed venit.; 2009-05-25 06:25
1816;2718;trepicandor ; 2005-04-02 20:35
1817;2301;egreddior quis parte; 2006-03-16 04:26
1818;2692;imaginator; 2004-02-29 16:35
1819;2030;nomen quad Pro; 1971-01-01 00:00
1820;2440;volcans quad trepicandor; 2004-04-13 21:29
1821;2722;quis transit. ; 2009-05-19 00:01
1822;2002;brevens, Pro fecit. ; 2005-04-30 10:37
1823;1278;vobis ut gravis ; 2004-04-11 15:59
1824;1676;nomen regit, estum. quorum; 2009-02-14 09:19
1825;2433;travissimantor; 2006-09-09 07:53
1826;2220;fecit, apparens et Versus ; 2007-07-24 13:02
1827;2346;in quorum novum e si essit. ; 2008-10-19 08:53
1828;1157;egreddior non plurissimum quad; 2008-12-27 07:05
1829;1151;et homo, fecundio,; 2003-07-23 22:21
1830;999;quis quo plorum ; 2008-03-09 23:51
1831;2253;gravum manifestum ; 2008-07-22 16:57
1832;2795;si Et quad; 2010-10-14 01:23
1833;1642;ut Multum Longam, delerium. ; 2008-07-30 13:45
1834;2513;non dolorum Longam, transit.; 2003-04-20 23:22
1835;1386;pladior volcans si quad nomen ; 2006-09-26 16:56
1836;2355;in glavans; 2005-10-02 21:54
1837;2591;quad non fecit, quantare et ; 2002-09-13 17:46
1838;1167;quo gravis e novum; 2002-11-06 08:06
1839;2078;volcans dolorum ; 2006-09-10 01:12
1840;1838;fecit. plorum ; 2007-03-28 17:17
1841;2700;pladior non ; 2005-02-24 09:55
1842;1802;Id quad imaginator linguens ; 2005-08-29 04:42
1843;2256;NULL; 2006-11-07 15:00
1844;876;quo vobis dolorum ; 2006-03-03 11:19
1845;2562;dolorum gravum; 2010-01-29 01:31
1846;2108;Tam gravis; 2006-03-05 20:29
1847;1969;quoque gravis brevens, vobis; 2009-06-18 06:43
1848;1515;venit. e venit. ; 2010-01-29 16:19
1849;683;delerium. Pro novum ; 2005-01-04 08:35
1850;1741;quantare parte trepicandor; 2008-12-10 14:45
1851;2164;travissimantor quad ; 2010-10-13 10:18
1852;2178;essit. delerium.; 2005-10-13 02:04
1853;2535;et non sed delerium.; 2003-02-11 12:32
1854;2326;eggredior. pladior vantis.; 2006-12-11 03:17
1855;1781;venit. regit, Quad quoque ; 2004-10-15 21:19
1856;1484;gravis gravis brevens,; 2008-05-05 08:15
1857;1510;gravum Et brevens,; 2004-11-21 07:59
1858;1184;et linguens Versus; 2010-02-03 06:14
1859;2687;estum. quoque non ; 2009-12-07 19:59
1860;279;estum. transit. novum nomen ; 2003-11-25 07:53
1861;2412;Sed quo Tam ; 2010-08-18 13:53
1862;2539;sed et gravis ; 2004-03-21 06:35
1863;1226;manifestum; 2004-12-07 19:43
1864;2691;novum plorum; 2009-11-20 06:21
1865;2594;brevens, linguens ; 2002-06-17 16:43
1866;2726;e Id quo regit, quad quartu ; 2003-02-02 19:02
1867;2358;bono Multum ; 2004-10-15 00:00
1868;2084;fecundio, imaginator rarendum ; 2002-07-12 22:24
1869;634;quad quo, imaginator e gravis ; 2010-05-14 22:38
1870;2551;et plurissimum quorum funem.; 2002-04-05 13:40
1871;2102;nomen parte ; 2008-09-11 12:39
1872;2175;quo, transit. ; 2004-05-28 12:28
1873;1439;cognitio, homo, ; 2010-07-06 03:13
1874;328;transit. et quad; 2007-12-03 23:17
1875;1179;habitatio e vobis pars; 2010-02-17 11:34
1876;1938;e habitatio et Et ; 2005-09-20 19:19
1877;1492;vobis imaginator non novum; 2009-06-22 19:36
1878;2727;e et fecundio, manifestum Quad; 2009-02-08 04:40
1879;2228;bono pladior; 2010-01-16 07:48
1880;2423;egreddior quorum apparens ; 2002-07-07 11:24
1881;2376;et in trepicandor ; 2009-02-04 06:18
1882;1767;novum non novum ; 1971-01-01 00:00
1883;941;ut Id Et Id imaginator Tam quo; 2009-09-19 16:33
1884;1896;travissimantor novum brevens, ; 2005-12-23 22:30
1885;1685;manifestum; 2005-08-12 07:35
1886;2360;et sed cognitio, vobis et ; 2008-05-27 13:33
1887;857;gravis et delerium. ; 2004-10-10 14:52
1888;1509;et novum quo; 2009-09-02 12:51
1889;2658;essit. Tam; 2003-08-21 10:27
1890;1890;eggredior.; 2009-07-05 02:03
1891;1274;e trepicandor ; 2009-05-23 08:40
1892;1092;quis gravum ; 2002-11-12 13:54
1893;2200;quo, estis; 2003-08-10 11:32
1894;2711;estis quad sed; 2003-11-29 12:07
1895;439;quo, fecundio,; 2004-10-16 17:18
1896;2207;si vantis. esset delerium.; 2007-08-10 03:24
1897;1825;cognitio, quoque; 2002-12-07 03:19
1898;1267;non brevens, Tam venit. et; 2002-09-22 08:58
1899;2747;fecit. eggredior. ; 2007-12-18 08:39
1900;2716;et et nomen et plorum ; 2005-09-16 18:36
1901;974;quo, essit. bono; 2008-12-27 06:28
1902;2312;e egreddior eggredior.; 2003-05-22 20:29
1903;2194;Pro ut imaginator regit,; 2008-12-07 08:19
1904;1586;travissimantor; 2010-09-16 17:41
1905;2491;nomen Sed dolorum ; 2004-10-01 18:54
1906;939;novum Versus quorum ; 2002-04-01 02:06
1907;1000;plorum non Et vantis. ; 2008-05-17 21:49
1908;2596;Pro Id si novum nomen quo,; 2006-04-08 22:50
1909;2493;si Et quad eudis; 2006-03-10 13:15
1910;125;nomen cognitio, ; 2007-10-23 15:43
1911;1664;volcans Id in ; 2010-01-25 01:59
1912;2779;plurissimum ; 2009-11-12 12:39
1913;543;eudis venit.; 2006-10-13 03:18
1914;2504;pladior Quad fecundio, si ; 2002-01-18 22:25
1915;2857;gravum quartu ; 2009-06-03 08:35
1916;2577;novum transit.; 2005-10-20 01:35
1917;1864;ut gravis quad dolorum; 2002-11-29 21:19
1918;698;gravis trepicandor dolorum; 2009-03-28 08:05
1919;1926;dolorum linguens quad volcans ; 2010-04-27 12:07
1920;1102;quo essit.; 2003-06-26 16:47
1921;2559;Quad pladior in ; 2008-09-06 01:50
1922;2885;novum ut quad esset ; 2004-06-01 06:11
1923;321;vobis vantis. ; 2003-02-25 13:32
1924;1139;quantare e; 2004-01-07 20:20
1925;2442;eudis et fecundio,; 2002-12-23 13:57
1926;1972;gravum esset; 2010-05-23 23:45
1927;218;novum Et fecundio, gravis ; 2007-02-03 01:07
1928;1282;volcans Sed Multum; 2002-07-01 00:21
1929;2198;regit, quo si travissimantor; 2007-09-20 09:54
1930;2660;plorum fecit, glavans fecit,; 2002-04-26 19:52
1931;1895;et quis eggredior.; 2009-03-14 08:14
1932;1695;sed egreddior ; 2004-12-30 10:21
1933;2494;eggredior.; 1971-01-01 00:00
1934;1225;travissimantor gravum ; 2003-07-07 10:56
1935;1316;manifestum; 2005-05-25 10:04
1936;1192;fecundio, quo,; 2003-01-21 01:20
1937;2234;quo, novum; 2010-02-14 14:55
1938;2427;imaginator in Pro ; 2002-02-28 21:59
1939;2878;nomen quoque dolorum; 2010-01-02 22:52
1940;2549;parte volcans ; 2003-03-25 03:35
1941;2303;Versus e delerium.; 2005-05-14 05:29
1942;126;rarendum plorum ; 2002-01-10 15:44
1943;872;in Id eudis gravis volcans; 2009-07-03 16:01
1944;2034;linguens dolorum Sed; 2005-06-25 23:35
1945;2336;pladior non ; 2006-10-28 18:44
1946;1899;funem. gravum non ; 2010-06-10 00:04
1947;1710;eudis regit, quis ; 2010-07-10 20:01
1948;1990;esset vantis. essit. bono ; 2007-01-30 10:35
1949;2486;pladior manifestum linguens ; 2003-07-23 13:06
1950;2159;NULL; 2005-06-27 03:32
1951;2704;Tam gravis Id gravis fecit. ; 2009-12-27 15:43
1952;548;vobis Quad eudis trepicandor; 2006-09-11 06:05
1953;2249;estum. Multum ut ut non ; 2004-09-09 19:13
1954;2295;transit. estis fecundio,; 2003-05-27 20:50
1955;2773;pladior et; 2006-06-24 15:52
1956;1756;vobis eudis e vantis. nomen ; 2008-01-10 16:45
1957;1149;quo quo, e; 2006-07-29 00:16
1958;1901;egreddior vobis ; 2002-03-28 06:56
1959;2671;gravum manifestum ; 2006-12-01 11:58
1960;2918;et novum ut parte Et novum; 1971-01-01 00:00
1961;921;glavans et; 2009-09-25 03:44
1962;2566;brevens, si ; 2005-05-10 19:08
1963;937;Tam si eggredior. ; 2006-02-26 00:58
1964;2706;dolorum plorum; 2007-11-18 21:27
1965;125;parte e fecundio, e ; 2009-07-19 12:56
1966;2686;venit. bono vobis ; 2005-11-14 17:22
1967;1699;et estum. non pars; 2009-08-10 07:29
1968;2605;vantis. nomen ; 2007-01-26 15:38
1969;2350;estis plorum Longam, gravum ; 2008-05-09 01:42
1970;1128;egreddior parte ; 2003-05-21 17:14
1971;2094;gravum sed in glavans ; 2009-12-28 21:05
1972;2701;habitatio nomen si plurissimum; 2010-04-18 17:40
1973;2800;estis quo apparens; 2005-08-22 03:35
1974;2118;volcans volcans ; 2003-11-26 22:27
1975;1635;quad cognitio,; 2008-01-05 04:30
1976;7;ut novum Quad ; 2006-12-15 06:38
1977;2251;trepicandor quo, Versus ; 2003-06-17 01:02
1978;1922;e novum linguens plorum ; 2010-03-05 09:48
1979;2827;volcans et vobis regit, ; 2009-12-06 06:35
1980;2476;Sed fecundio, Multum Pro; 2007-04-29 18:48
1981;292;delerium. quo ; 2004-07-29 20:16
1982;1967;esset quantare non manifestum ; 2003-06-14 17:55
1983;912;funem. vantis. plurissimum; 2005-04-24 13:10
1984;420;eggredior.; 2005-07-14 12:01
1985;1311;non Id delerium.; 2008-01-03 20:49
1986;2568;plorum quorum Quad Id ; 2008-09-22 18:11
1987;1465;transit. in quantare; 2006-08-15 13:47
1988;2088;quo regit, quad ; 2006-07-05 13:00
1989;310;pars trepicandor; 2003-08-06 13:30
1990;2261;quad travissimantor ; 2008-01-12 19:04
1991;2690;fecit. fecit, quo, novum; 2008-05-14 17:18
1992;2610;Id essit. et; 2007-06-25 01:03
1993;1829;glavans quo apparens; 2009-11-20 07:58
1994;2611;linguens apparens Multum; 2006-03-30 10:01
1995;2738;habitatio trepicandor novum ; 1971-01-01 00:00
1996;2752;vantis. gravum; 2002-04-10 19:08
1997;1552;gravis quad transit. Longam,; 2008-11-13 08:26
1998;2284;fecundio, Multum novum et ; 2010-03-18 04:30
1999;2033;Quad plurissimum quoque pars; 2005-02-21 18:16
2000;1856;plurissimum ; 2010-12-15 03:05
