us_id;us_code;us_name;us_password;us_class
1;K5O5MP;Gabrielle Best;5K42DL3Y;F9BI91L250
2;P2SKMD;Hannah Waller;94ZEV1E5;OXKNTSVT6Z
3;SJXSOS;Arlene Drake;G1QCA04;N3RYVFX7PR
4;0LTUD0;Bradley Horn;854TFCHI6QEXOH;V8K2399PP1
5;I3XJFT;Erik Wolf;4XXAR3ZEBBL;6332JFRBXH
6;21KJYV;Elisabeth Zimmerman;A1S94X9C;WL8QA654YA
7;PWJ32S;Allen Burch;TYTSIW;62C3QOMKG9
8;2E5BVH;Dianna Curry;AZ85YMLFC;6XNUSWIFDT
9;JVB8OH;Cameron Serrano;C09RTIUM;JBYUCY3JK2
10;YV06JD;Jamison Murphy;GEHAZE5IBY4I97;0X1QFO2PD0
11;IC8PW9;Greg Pope;3B2FSOGDWEK92;FFA2FD8MJW
12;PARB8H;Annette Downs;ZGZ5BFATP8QS4A;5J15WCNHWP
13;OR8JBK;NULL;873TZOIFEUI;0WQT2HTCOG
14;59A9ES;Chris Bauer;0KVE52CBI4CXRZ9;HVJJ9JPBXJ
15;0IWIEF;Jean Grimes;TPZK5WN7HG;ORIOASQ2V3
16;2WMZ88;Tera Norris;HH0KBTF98UULPRY;1EDCMBRS68
17;LKXGZQ;Sidney Daniels;3U61ZE;615LC24RLR
18;3SN8T6;Ronald Hampton;MPUYU4;R8YBD71MMK
19;2XFIGK;Dewayne Vasquez;OXPZUU;4U46XWEJ5D
20;RUTT2W;Jeffrey Valenzuela;K14CP0RZ39S;SLGJOGOX4H
21;VMK2BO;Nakia Chavez;YJCAE32JEVGUK5;6N5EBXKRJM
22;PDTE2F;Kerry Romero;5WWQX4GJS2PA;9XBH657D2M
23;P89K86;Maria Dunlap;6MLL6N5DBNBW;QFDUUILYOG
24;Z6HSN4;NULL;A3PL9RKP;JNG0JLGZET
25;P3NXUO;Kris Curry;37JU2I0K8O;HBJ769JQQF
26;635HIT;Faith Wood;PDR9UOW;OWP0G316LY
27;JM3D4S;Autumn Walsh;XT8KU5TCU7TXQOK;VDN05MLX27
28;NULL;Dustin Krueger;E2BLNDRFM2;CX1BMBBEXP
29;LJ8TPM;Amber Cabrera;XCFQKUKSRUMOP85;KZKBI5CX87
30;F2AOJP;Gabriel Howe;CEQ30S7VSDBCJ2;NF6J64X5TC
31;96G8RN;Julie Arellano;YR3WZEG;ZJRY5GPU60
32;543PCM;Myron Ford;25VTORDLCH8E0;XSOGU3FK5Z
33;JDEIBR;Jodie Cain;Z154KY7;XAM4256HSV
34;KE442C;Shawna Lara;78P1OXMC5Q;TZ0JJZV8D0
35;0VTY4E;Alice Mckinney;6OX4YJ;HIEVPATP87
36;GN5D5I;Lashonda Blevins;FRYUBNT2S1QUUI;IMHC0EJOP8
37;F53D0G;Ben Scott;JYN3N2GZ0CHIT72;BYOGAKFPXM
38;PV57XV;Roxanne Welch;6LGJFK;JT3Q6GWO2M
39;RC3PBS;Naomi Shannon;X27M5KLAVE44;2HE26ZHOPB
40;89R875;NULL;HVV0YR;77F79Z99JA
41;P9569N;Angela Mccall;IT4ZUQ;13N9973S06
42;80R1VU;Leonard Ball;K9EZMYLP1GGBFE;XW728DG78W
43;0OQ6IK;Amanda Owen;L4P32EBQFKNLU3X;DLWAZ6WFT2
44;B1OTQB;Quentin Rice;RFF11HFI5DRUF;WFAEXPAKXA
45;WC4SBS;Arthur Boyer;NCKH70ARNQ;J9J07RVSC2
46;LZ1O8L;Allyson Rosales;IZEYDRM38OVZC;VP2DZ7XVLD
47;CCNFYU;Herbert Wolf;4O6XPM;UZRRTFRXOZ
48;K02PLF;Trenton Fitzgerald;BVWA0CVWX0S;E1MRZY4J0Q
49;7HDJBX;Jana Key;TII0JSM5;OKLCKQ2M1O
50;NM9K2A;Jayson Cline;6VRD8H3B;ZEK8GXF1FD
51;PPH9Y5;Marci Aguilar;TX3R74IODEQ6AN3;0B0Q78YQ1C
52;P0DRHY;Benny Murphy;IGMON53HQ4Z4W;TB75HV0U1Y
53;C22QDM;Donald Peterson;USKU6UM1;S276QI73YB
54;IN5XN7;Efrain Skinner;DHVF7FJV7O3P;FJACTIUOAM
55;PDVVJT;Latonya Tapia;GMGOUM034ERLJXL;4K91AGK1KB
56;AKGM9E;Chester Werner;G9NH587RQV1;TJXI1HFJXE
57;GZRTYZ;Gilberto Herrera;8RGT1TBXDIZ007;6VNV51I0DN
58;K6TPN0;Michele Norris;34TNHXFQEG8V8;IXMXP8QJXQ
59;1CCAYA;Eileen Barnett;OYZKTUCYXJQ;5QREBHC8QO
60;NIWY4H;Andre Lara;N2Y9MGXZ4;LEEEEBIIJY
61;IM337V;Yvette Sullivan;W7K9T11CT;90ZW3S7TEG
62;OE4O7D;Stephanie Reyes;3IPJ0F;VPW4QQ0N4X
63;616VTN;Trenton Cummings;DW569XV9CS5TRX;NC8JBTF1E7
64;74BB4I;NULL;B12R0K1BWLQSJ;JGQFFDK1XA
65;HUVUI9;Gerald Riddle;DE87AK2YGMAOZG;TIOH9KSHWU
66;KQLG45;Becky Benson;WI20U6NH8FMBL;ECNNKGDDC2
67;Y7LQXU;Sammy Morton;LJ5B4YDWMHD6C;I6GDABN33Z
68;GP2BTS;Tabatha Boyd;FHBKL102OS;9IPUUKU9WB
69;IRR3C7;Leo West;YQW0RN9HQ;U2ESRS3NKX
70;J8UO33;Herbert Moyer;25DVHWZ;80I1WAGUSQ
71;BKFOIW;Marlene Mc Cormick;KMOU11R;U24XPMTI35
72;WPK6OD;Jamie Gibbs;2QJ7IVCN58GWUT;0BDZIJUZFF
73;5TJPHQ;Jack Waller;OMQDCYO3516350;X9PCSOKS2I
74;YUDSX5;Keisha Andrews;OV8OLIXIC7SPQ9;58BNT3GU2T
75;ZR2TQT;Joanne Olson;31RIZ8BOE5D;Z06NWRXZTB
76;4MMAW1;Pablo Scott;D6BR7M0JL;75V8CU5XB2
77;16WNU7;Dexter Nichols;68LR3D5K8;865NUQRIKD
78;FBZMCK;Sabrina Perkins;UQX5CM;RAP65RSV2O
79;Q2WKQU;Susana Nielsen;WD6TJ8VJC1FK2PP;V06SLQMP4I
80;YIDYJV;Alexis Cortez;FVJX84X;7R0H8X78AQ
81;6WEKPG;Guillermo Clarke;UWESN86FKM;EDKJ6OD4GZ
82;NG43Y0;Cassie Scott;6ETNZP7QCQZ594;SA4H241WU8
83;F36D9S;Cody Thompson;HATPSRF;N3X6NIVOUE
84;KPQ56O;Tisha Harvey;YMU2W3VZZ;YLS72JXCZ1
85;OIPABD;Dawn Maddox;KIGM7J71DLS;4ZPDRU26EW
86;EK2N3F;Darnell Reyes;Q4ORQVM;4QHL01U9S5
87;LRHSUE;Blanca Holder;UDRQU05;2BJPV2IYI9
88;E7KA3L;Austin Rasmussen;ANGQZOPLF;JYXGAR1LOZ
89;7OEJST;Joel Atkinson;29HQDTV;BH2PGJWHQ9
90;YESMM9;Erick Mullen;VPE4CZD4M7RPR7D;GWDT1ZZOGD
91;I3Q5CB;Don Dixon;QQ41V1E2BU;V6JOJR276G
92;X9DCAK;Bonnie Bonilla;CE3ZXUR;901N5MY10I
93;A5Z7RO;Loren Strickland;F86AHDV2ITP4UW;KH02GP2MZJ
94;WN4BL4;Kristie Simon;0NPU7U;WLV6RZ5FI2
95;CO574H;George Benson;BSH60QJ7UV02;SNDRETDPEC
96;3T4RAL;Nicholas Richardson;CKFNO0;WM1NGAC5KG
97;E16H9O;Jamey Mcgrath;W8MQYG;T3GRZUZVLZ
98;9SFULT;Ginger Ramirez;3C80JA4WDTB;2PDPOB89A4
99;GMUQ6C;Nora Hampton;5IAZU4RYKF71;0P844IU2CH
100;K7452E;Alan Walls;7UE26R7K8GVMVG;NT9BNTIQIQ
101;CVGH2X;Miriam Callahan;TF7MCCUG;YJBARL1WB6
102;LXTCGZ;Marty Roy;9RM6HXN46;Q2RJUPG1JM
103;VQDJO9;Marshall Shaw;CFQT623;12JFDNFQJM
104;6A048O;Everett Copeland;W2ECYNZ5;4QPTUR90G6
105;U2B7AF;Luis Gentry;8LOTCDRTE402BS;N36K3YSAH7
106;XYDIV4;Dean Fritz;G04C2M0J;JI9QC8DHKM
107;P0EPDH;Tonya Cameron;JXE7XSY7CSEJH;DY0T1VORI6
108;HQME4K;Colby Carson;Z1Y0SX2QL9OWYJM;6FG8TKGY94
109;KFCT9N;Malcolm Wallace;I81F9FZJVL6TPID;U66J4F0NYL
110;UI46J6;Vickie Cline;YZ5A4L7M6TC4J;9Q8JAXXLPO
111;R00S4R;Matthew Montes;UEK9A6H1RJ2E46Q;ACUA3FT1MC
112;9MFV75;Julius Collins;02WGYYECYW0F9;73TNHR9RU8
113;COT5VS;Peter Walters;3V0URR9G87Q;X5P099I1OE
114;J1PMH4;Alana Richardson;7L8PH1V;SWUPTBLTWZ
115;I9JTBQ;Tricia Sloan;S9832V;ZI4QMF5BYT
116;QMLZSN;Ricky Copeland;7AE52SBG6E9FYYK;NEOK36JILO
117;SWX2HD;Shelby Kramer;OQ2RS39;QBXSSXY61B
118;TA0NDL;Rachel Phelps;ZJBNTNWSVR1;NULL
119;YB5NNM;Angelique Carlson;T1O3W41B7MWY8F;157VJM3VDF
120;CW1VEN;Bill Jefferson;D04741Z6IG;X8G197EADD
121;275341;NULL;NJHHJ7XE0;4RTSUN8DSS
122;4RKZQC;Marco Wheeler;1YUN1Y8CM;ZCID8MWFQA
123;YI5X5H;Maggie Webb;FE3JRQJX3UU5;3DOCRNQRRX
124;BGC41J;Pamela Savage;NULL;T1F1QSGMZN
125;0W63QX;Isabel Russell;9HITP2P1T;F93IWZSDYN
126;3VK9KH;Ty Harrell;WB2AJ23QUW38;PNF4IWKM01
127;JLNXA3;Scot Graves;FXPTNZB6SWBL5;OIHX6W4Y3A
128;EVY95T;Harvey Nielsen;4I9XBL078P;9YE88RRZDZ
129;RTY3IA;Christine Conway;ZV0309J093V;WCRLM9K1DM
130;VEW0FX;Rolando Middleton;912I74;UKK1YSV9ZK
131;NLOL0X;Douglas Short;RODJY8KYRM8;XDHPANTV1O
132;UO6QF2;Lamar Terrell;P0CO4B2RMRKWF;2M46K9UE1X
133;07UK30;Randolph Golden;I0V93S3SXRLB1;H3UN6SY34Z
134;1L617P;Hugh Parrish;GARE0V5;AFD4XZW8IK
135;6RXV6H;Vernon Moore;WDX75C;9IYWS8MELJ
136;AAO5VY;Brandy Guerra;04H4PQK;RWEVNH0XYJ
137;4RC27I;Ray Garner;IJG4W2L2S97BBZ6;NULL
138;61FBWK;Melissa Huang;J3J3HB;0BPSGBUHSF
139;ZHJS83;Joshua Miller;MQZXN47;CTBO90QGPE
140;X9V9LV;Moses Jacobs;4V79UJR9WBA5;MNHP2CF8KM
141;X5E82E;Latisha Suarez;X1H0XK;OIN70RAJ3Q
142;TTZ07T;Belinda Becker;M7HL7NTDX5;7JKJY7Z6HT
143;PHJ9X5;Tisha Boyd;XLX3F4;HP2AQ9I2KU
144;S4CNV9;Jody Gutierrez;BCRTMR76;R5T020Y66B
145;IGSMN5;Lance Hubbard;PPIXPK;DGX5ID88D4
146;V13T5N;Troy Roth;PWEL16PEC;I1Y5P00115
147;NJS09N;Latonya Houston;DDJ0UMDA;9REQX4Z8BN
148;RC0NPE;Troy Franco;7SSKPE1P4;OBLDLR4TCG
149;11K65P;Esther Yates;E78DY860I;0NS2XAX55A
150;D7EKOQ;Sherrie Park;4MDHVEUMY;Z75QRF485T
151;GGFRH5;Manuel Ballard;25N3CUW;MCMJCF9W7S
152;KKNML0;Armando Massey;P70HLQXJ4ZKR;FQRYV6PB6I
153;4SYXQ5;Shanna Lawson;MULHLFAPA;1CE7UZOP4B
154;ZIN0XT;Wanda Wilson;ERAK9K514B;X0FGEYHV82
155;CEFKXD;Sonny Harrington;ABON1MK;1REZTKXIUN
156;VKW79Z;Christine Copeland;9U166GA1MRFL;1A944LA7IO
157;HXKKPL;Cory Thomas;FMLQB5NYZ;FTQIESQTA9
158;EFMYLY;Casey Keith;GFTBIW;7BMSV64RLG
159;XSQKBU;Meghan Blake;JSQD0PC;CY569UWK1J
160;671NME;Clifford Farrell;34YIIAPP7V;FBL8A55S1C
161;72QH5E;Isaac Andrews;2XQHWCAXL;J2YHBP43R3
162;L2G880;Christi Schwartz;D5S5S7MV;3HSD8IWWP8
163;YSMCET;Christian Pineda;EX9571PGGNRPM;2VB7NVYLTF
164;R5NX57;Shirley Pitts;TUWSAT0QSRT;1F28RI7GXS
165;QJW261;Kendra Hubbard;Z6DQ22UY;983FWXNV4M
166;DWGFJZ;Claudia Merritt;RTRIF7WU9T1;K02632855A
167;QAB3TA;Tabatha Davenport;OYBWFB28;3GDBZQDP9B
168;EEB8K9;Stacie Potter;4HCH2J2QK;ZM347Z0YXA
169;NULL;Austin Alexander;VOZ1059UL;YU26KF47SN
170;X3JZ76;Ismael Evans;VIXSZA72UNQRQS;K4N2LXWIFD
171;JJ52ZQ;Kerry Sutton;BF1DOT4P5;D0G3ZU946C
172;W6WUUL;Steven Terrell;2PXAQ5HG3SMJJI;RHI9T6YK1I
173;UBUCX3;Heidi Wolfe;B0VXX3X6;72YH4E22EV
174;4KULRR;Jayson Wolfe;OQ8HWARTSMW;7G1PHG9YOG
175;SWGCSH;Ana Carr;AS3H9AMZ0S;4D5JC4QKVC
176;Q60TJL;Terrance Juarez;ILCT8R7;USE5IPV14Y
177;8EEQOE;Norman Frye;4IIL0WZJT1TRXL7;SA173PIA2T
178;SPN93J;Michelle Glenn;8SFOTB6EWUQVJGI;SXLBK1YCUZ
179;ZBH8Z5;Ian Mckenzie;KKS2R63L9QSY60Y;YM8BBXJ3NC
180;9GH13V;Ruben Benitez;EBLGBJ;KKVI4012K9
181;4TIEHT;Donna Villa;SC3O564ZCIR6C;R0HJ64T2R4
182;5GU2DD;Vivian Booker;591OUE2;5BFYSDKQZ6
183;7S3PYS;Joann Chung;87WWSG8V2P;BC0G2XXBRF
184;VJLJFE;Everett Hanson;BZPNIYF5QGFFUL4;JU8USREAKK
185;YWOLJX;Roland Carrillo;1KRH4693WS8DN;0FJ258NITA
186;V4VLPI;Allan Herman;HG140TFL;NULL
187;UM5MS2;Amber Villarreal;QE8B3SS1BO;1P4IQ2V5GC
188;NDC43C;Marsha Key;6BA8X4PMRPP1HZ;RSLQXKSBOM
189;AXU1FX;Gavin Pearson;YDPKAU;YBLW0RPN9L
190;J6HTFD;Lee Howe;102VV6A3QXP;BSJP91CEE4
191;O8389Y;Gloria Rosario;K66T7W4SUT0;WNRHFA3PIL
192;XFXNBX;Clinton Welch;RB4UFCQECQ99;VQTXT24GS2
193;IBGGLE;Teresa Mullins;19JBNZSC0ESSJH;OGS78AQZ97
194;70KALL;Dion Zamora;51L8ZP4J1;YFX5ICEKJ3
195;GOSCPQ;Amanda Middleton;OD6A4TWWN6M;PWSWC8AAYB
196;59WTE8;Pamela Carr;H6T80QXB1V;CYAO82SYIC
197;HWD3ZV;Nichole Phelps;28A409G;USE0NJS18I
198;U1DUYQ;Lorenzo Whitney;PHUYLM;7QVECYIOY8
199;7JYOCO;Brett Blanchard;WLWWVA1LKFEROEM;02YUT3BRLK
200;R4BL7C;Albert Murillo;FTI31UOV;C20HBKQIX3
201;1KM658;Isaac Harrington;79W3N78LZ;WRJTTQTGUD
202;466LQA;Kenny Walsh;CF4ZK0N;5RB1TPOQGX
203;MEHQZI;Summer Ritter;PMISI3QF;2ETDUNYYGB
204;QX51JV;Maria Willis;2IZ2W09O05IX75;L67A0AKY5Q
205;NULL;Evelyn Lewis;PJABATY2E3Z94E;7W96AR1U6M
206;R2ISJN;Latoya Lutz;TC7262ZR;0O5ZFW6HVX
207;GRNSIQ;Tracie Preston;EVBJV5TIGC3;K65UIPD5IS
208;CS2MEV;Keisha Moreno;TF4B4G;B7X4NC7XM5
209;QTV7TF;Allison Howell;YXQ599B5P4;35I50UNRNU
210;MH5MC1;Latoya Carroll;2PRUWF;EC30F8BG03
211;3OT6NT;Trina Neal;E79AGTSBSZ;UDY2B9TAYA
212;NUXHSU;Terrance Tapia;3Q1MDT;L20BDOJIR5
213;52F50K;Nicolas Pitts;NP19JZ4DG9;GSK1MWYL54
214;9MLP7H;NULL;6YIOTQ8COGXD;EA56YJEXCV
215;9I65OR;Scott May;HB9LEY;QQ003UNXIC
216;39FQ2Z;Shannon Zavala;CYB8PH4N963;JW5H9MWBD5
217;ZXQ1KX;Jess Boone;IXL1EEXBE142;QNP67P03TS
218;FPGCGA;Cindy French;C2S7QIYH;X2U0LT4X8L
219;18HFBB;Ruben Cline;18M9ZCL;UR80G9S10H
220;BQB334;Anitra Macias;2ICJU0WAV6;60DBXNYXFJ
221;SZEXLZ;NULL;M2AT9IDECFJ;2Z2N9037GW
222;PUOMJD;Israel Lowery;4VPWDE4FL;7SYY69QASS
223;SQT7GE;Meghan Johns;SZMP7I2W;JWTNAVHZB6
224;1YAQNO;Bennie Lamb;VBHURR;3O9YS0SXT1
225;6EXHSF;Lorie Freeman;DRLX86IV8O43;8TKCYHO64R
226;Q1EVAK;Charlie Riddle;VQRWX9A7JA;3F6ULP7PHL
227;DSSRYK;Priscilla Bean;CGIOBM0;8PAP8GQIUY
228;0HVMQZ;Gilberto Davenport;5Z1CTN;1NZ3YX0A52
229;137XBL;Marcella Owens;MGRHIDYD14K;4KTRYE2P3J
230;FR5RX7;Tia Cowan;XHG7UGQLS;HKV2988FLW
231;OFC6TQ;Yvonne Estes;UJLN6YJUE;6DIUIRAP7F
232;5IYP45;Christy Stein;8GNTF1;1KQVGHCG5V
233;X1V2GV;Autumn Sandoval;HD3GKQ12;56F8WNR1PH
234;Y7YZZT;Cedric Edwards;PS7V22OYM7W;4EF83WBEDC
235;1N00CF;Jorge Horn;60T7PND;SIBCESQ34Q
236;2JGW83;Carlton Wyatt;UMRSO97P79S;R8BEAVMY5Q
237;L887GD;Christi Franklin;LQ9RNIU6RO;QFBF7EF5QH
238;PAPHCD;Joyce Cunningham;75XBD99U3NKL20;ODWXK9ZBLD
239;8E6UXQ;Juan Gill;7TUZQDEB9FR;ZM6WPMGSF7
240;UYORPT;Mike Hale;J6S6Q6FJMRYUFYF;MSV0YKCNZ0
241;HE57RT;Theodore Armstrong;W046R8B0;QKYHCBCZT4
242;YPSJFE;Tammy Fox;RXTSUNVM8PNA;6FP8APTPY1
243;DAJZ2M;Tiffany West;UFMHSFVZKSX;YR41JBEZYD
244;592BCR;Amanda Sellers;F8BKABVS;BVMY795FGD
245;9JFQKO;Rita Grimes;Y8MQS32;SMFAP9NTA2
246;VK9KJD;Loretta Dougherty;78RFF6PJ9GV5C;WL6DBR1KU6
247;OEAHCS;Karl Buchanan;4V3EFK1XESIMV;M4TMBHKKIL
248;N5SN60;Jenna Schultz;0Q0CSRDK6901L0;CZHL9M4B43
249;52VF2L;Patricia Fernandez;UZNIR3QMDOI59TZ;OZ1STXDEVJ
250;6CTVQ3;Stanley Massey;SBIJIG;CZBG3X59PJ
251;Q9EI9K;Dina Brennan;CKUKPTEDY1;G97VPHEGI1
252;USU0Y9;Julio Duarte;JTV443;5FULJOM64P
253;EN2DNW;Ebony Whitaker;3MO9L3Q7C7Q2H;WMH9SJ66VD
254;HE5HRK;Arthur Solis;EGAXWI0TYBK;NJSLX7WZF0
255;1HLLPZ;Craig Moyer;DA52N7F8FTV2YQ;ZUWMIEGMJF
256;VD5XGU;Brandon Oliver;HH7MVJE;JCKEFOV9C5
257;A1F3B2;Gordon Suarez;DK77K9AODPHQG1;7RATYRE94A
258;PQH27R;Marie Petersen;KJN82LL8Z6NJB;IMMD61SQ9U
259;U90HZZ;Leonardo Randolph;OOLY4SHG;B0F0JR745O
260;A8E9AP;Leah Weeks;UZ44HCH0EG6M38A;1N4BPGP79A
261;AXG71F;Micheal Bernard;JRC80WQYXO1W;MTXR2IUHMW
262;CQDGIQ;Annette Carpenter;B8S3JS9Y;OFADX8M205
263;Q3IH8O;Barbara Silva;3VH59254LFA;ALZ8UBC02K
264;34FGVH;Camille Calhoun;L058ZY857;BDM3RPP9N2
265;S0U1D9;Myra Mc Lean;BK937EJ;WYO1BIGK7A
266;T1V5B1;Julia Patel;F1C2OGQVNN;EJBRTOI5LU
267;JN1G8G;Rosemary House;S3LL3P7;H4WQTGXDRH
268;4WR21H;Peter Duarte;VKU0TAAJW;YO0JSZTJHC
269;S1Q6Y7;Candice Soto;5UQK10;FY3R0V0QIG
270;QJE5HX;Gilberto Cantrell;AJCOI4AKBEPPZ;CHK5LP0MUI
271;2NCWMI;Wendy Nelson;E0ROZL0JREXTYH;8KNRAVIB1C
272;HDZM0G;Andy Kidd;372LCT5;JOXN1G2C0Y
273;42ZBR8;NULL;YCGJGIW;GCJZNE4JUI
274;Z5ZCUX;Kris Beard;TXRRUYW1E9;2QI48L576F
275;4NBQJM;Terra Everett;RXRO5SR7;4YV7YNKKHI
276;8F5EYL;Johanna Hale;N4MC85TBJ1K0VU;J4B7B847II
277;NQJYRV;Tamiko Mccann;V7QZ4B0631DY6NA;4M74X7H7SR
278;GETQOW;NULL;OAPWPBFI;C7L3FGHYA0
279;HCJSKR;Sonia Kim;5LIDPRW3O;N6ET19W3ZW
280;QOVGTM;Jack Medina;Y2S3UNY;FT90TPD3AP
281;NTWSMP;Sidney Norman;AU7MN9AVQ5;AR4M7SNQJ7
282;EGE227;Demetrius Maynard;DJR7AZ;8Z1P367AOS
283;8H0VQZ;Jamal Cuevas;HSEAHUIU;PRRTFMRL6P
284;2MMDUY;Bradley Evans;OW7U9QT4OIIX;ZVMPE24F9D
285;1NHX9Q;Simon Baker;3T0Q5A96UH345;QLAY3L6WZ0
286;KWX16Q;Devin Davis;30CC4TXLYIBONQ;X2CUDC1YY1
287;W4PIKO;Rafael Mc Carthy;JSGS8PL9R;1Z53ES468J
288;6VL2N4;Linda Ball;7K5UE3Q3;A16JGI5EAP
289;7AESQF;Martin Mc Daniel;P4B5D3CHUI;5XKCJOREAF
290;SX5SGW;Jaime Valenzuela;HNIJAPNBWFI;RJAS07ERTR
291;L3TK8N;Tameka Arnold;KMX8RRKF;YRBOUVITJR
292;HXVAAF;Derrick Gonzalez;K21I8M3PW8;VU7I18GEU8
293;SWUMM7;Lisa Frazier;RC7K2LJO;XAM8NIYZIW
294;MJ8FBQ;Marissa Hernandez;E746DQJGVKQ;TZT1VUVWHV
295;7KP3SU;Audra Kirby;2UXLG023JM07S;HOGLH56BEX
296;SRIEGF;Marcie Ayala;7ED667;NULL
297;DJIG0H;Tony Murray;Z5DXV5H;DU11L7ZVJ8
298;0A6UOA;Roberta Howard;NTCIGOIAYLLHLWS;H08P0DMIYR
299;JK4XW2;Teddy Pierce;XDDI42PEIE3OKN;ASYS20ST7H
300;C56HK9;Deborah Hardy;VL0WSOPCBP;QLY0T8NWMC
301;4B85RN;Toni Rasmussen;NULL;46FDS5SOVZ
302;ZQZB93;Erica Acosta;EKLQ92D6ZHRYYK;PJ82T4Z2P1
303;AJ93KN;Alice Adams;XZ1LUQA0PVLZZI;1AMQZJDU25
304;6EGJCG;Ruben House;12TZO4SS40ADO;WNSCP8N1IL
305;DBYF80;Albert Bowman;3M1COQPAQUE3KVU;EWFRRFJXJM
306;YYOXMP;Joshua Garrison;3EORGO4YV;955Q158B0X
307;U5MNY2;Angelica Hamilton;47WKJCMWM9JMBRI;DMKAGFQFNI
308;MXEZMS;Sophia May;CYLKKXXF;KVQA8SXB5L
309;XRME68;Chrystal Keller;WPWNEH;JEN7Z6HS7L
310;F0V13A;Jayson Griffin;GOLIE5A1GN8L5G3;8JT6HZ364Z
311;KK6XXN;Summer Harrison;9PB6DB;ZL90QXGDOS
312;9UVEDX;Latisha Boyle;79GNNNQ97RG;N26M9FJYVA
313;DKGL7Y;Rachael Mendez;N6ZC7NJ4WOCAGS;0N6H1AY8YH
314;72IGHY;Clarence Franklin;NY2BP58E;OE2YYGJBUW
315;4QMVSR;Grant Hendrix;XINEQD1UOAFQ9;NVQ0UQNM63
316;D81O4K;Clarissa Short;4IT7JIX66UU3;BKLT8W6EGT
317;WQ0SAU;Manuel Lopez;4FR0ERRFO05D;XDRKAH3EJG
318;GFFVBA;Cory Allen;NHM6D2DLYT;80BR0F8KCB
319;HOHGPX;Jeremy Mullins;YPWBRCS;43HC57M5FF
320;39IL6P;Quentin Wells;M2WFWA1YIW;JYC8AF6JRK
321;BEX3ED;Cesar Moses;HOT0UFJZHSP;JCLIGVQ6WG
322;CHN63D;Luke Krueger;6LV1PVFO;A8O3YBVRD0
323;B70HGO;Dawn Hancock;8LRGQ2PWC3VO;9GDFS5TDTJ
324;JK8EMI;Darrell Ashley;B75P1W7DARW;1K4RMRRF8I
325;HH7451;Marsha Fowler;QT08B2284921;QN3J6HUNZ7
326;1IRXX3;Roy Wiley;3CU25OU0O9;634513KDIN
327;6U9MKG;Marla Swanson;V0UJHYXTU;874Y6P40XS
328;1I4Q04;Joel Glass;09OO01SGC2435YJ;RPPC8ZBI6J
329;UOPRUG;Jill Bender;A432C1JCCA8J;YD1MHPNVVZ
330;ZF2XCJ;Kent Solomon;6B97G235;HEVE7A5IZ9
331;P8KJLQ;Evelyn Lawrence;5N1KB7JSVV0;CBEFOUL10H
332;QYS221;Candy O'Connor;OSQRRZPCBQS9P6;D9QXK7ED2W
333;Z3D5WC;Jeannette Johns;VWOVF6VZ;X8BGTR1CNK
334;T252M9;Alicia English;1SPCSKFCIMH;N1P710SATZ
335;E7O7WH;Leroy Vargas;IFP3ET3EVS;R0MN9PX3M6
336;AK7FDE;Shawna Dean;5GOV60L;ID6381TZNU
337;PXOSFF;Darrick Kirk;SSAQZA;SLP8C6DKS2
338;COSG73;Tammy Trujillo;JQAFQ3O8CGZS;LGBU6HBEJY
339;5EGYG5;Sonya Flores;CSKK8XKW4O8CXOP;9JB1XSRGTB
340;R3V5J3;Kris Herrera;8OQS1AC4;M80Y1DRQ1D
341;J6PIX3;Roxanne Elliott;1RG7CF78JL0;NSPSDVBO8A
342;5HA6U7;Oscar Mckenzie;PH1QGF222SEZI;CB5XA8KTC8
343;JWRPEG;Amanda Glass;R9ZZ2GG5754OR9;3T3T7GYMTW
344;6QGX9S;Alonzo Maxwell;4E3PHJ6O2KV91C8;YWIB5FW453
345;UTMVCB;Melissa Roberts;GP8NY8JIKRKA;GVPT42J581
346;H2X90S;Elaine Moon;LRNT1YE;4PWPJNVQLH
347;W5RMY9;Jorge Barker;90KKKWF76FSY;BD9EZ35W73
348;63F5MK;Anitra Pitts;NZJL2VU;VD84ECV3OO
349;G9LOA4;Jacob Contreras;5QZWSGT7GZ;WRTFFV89FH
350;ONBHV9;Carl Velez;U16ON2DC4BDC;6JCJP3GZBU
351;UUGDN3;Misti Campbell;B3YS37Y3;PTJHF9IUIT
352;KOABIQ;Susana Golden;Q4ALOSFLZP;CHILJNAOYN
353;Q7QPQF;Edwin Hunter;E4QGAVJPIP8;56OSUMRMOD
354;SBLPNP;Dallas Burch;E7KPI038;W1ZVYGYQKY
355;HG5206;Victor Stokes;A9B2E2ELXICOWC7;L7U14JTPMV
356;9ZRZG4;Angela Cherry;II8O9KUHDVD3;QOCSMFV3W4
357;KADSEN;Byron Manning;XLVGE3UFEVT54L6;6KGMNOTP82
358;GKR5UZ;Tamara Mahoney;2HUDD0;9KHXSI7SYQ
359;IVO0D0;Latanya Campos;VKRQETOJOA;KBBJ6TJUH1
360;758IJA;Donald Watson;ZXG7I9CW3M;E0ALHW5VXN
361;8ZQ9B6;Marlon Vega;J5YOKADIQPW;QESBOMDV35
362;18X92A;Mitchell Howell;ZWMCFLPC4ULL9FU;WZ4B4HZ5EL
363;WDX57B;Dewayne Benitez;L0GWVG;H6GN60BN3T
364;43Y33R;Scot Dudley;MSQ9E55KT3UGBVW;BKWRV4WHLY
365;NULL;Margarita Heath;BEA9OJ;Y3AG6RNWR9
366;549UCH;Ronnie Freeman;E5FEWP807JV0;RXLU1GCKG2
367;L1VJTT;Samantha Mcclain;OCA7ZARIEY;AOKEDMU8XZ
368;MQRBQ2;Katrina Logan;3P35IK6C2G;V7CCPTKZ72
369;SBDCZP;Theodore Mckee;3ZQ8VL2NXGVB;NSZ513G41H
370;VR67EV;Harry Simon;Y33AERTZ6WA7L;BTMWSE11IC
371;3OFPTS;Myra Ferguson;IMCIX4C8BGQE6FR;R1EHPQI0GV
372;B2MDI9;Tracy Mc Bride;28EV7EHVXAMCX2G;W0RF7LRSSY
373;C7RCP1;Noah Castillo;AIK0LXY7VPRNK0L;CWJPT16X5K
374;TWHCR4;Mike Cannon;85T2SPU35GLM;01XRJDQL10
375;9OBEXL;Bill Bush;0B8ZO4NVQF4;RXM4C6G9QJ
376;2BMW90;Daphne French;70HMUBXP83R9E;8PHXZWGUJP
377;8QZHGN;Luz Holden;KNHV4CBPVDJNW;U0QHG1E16X
378;KFUOUJ;Benjamin Cardenas;XIHPPRL;O4M3OPZGWU
379;SYC2OL;Celeste Craig;DGA5OX8WJ;BS89LDT47H
380;EBZKOX;Enrique Gates;LFKZDU;R2MEUPFVOD
381;V4GF0V;Lamar Trujillo;RZH5336E1SQM;R0DBW8RU2T
382;5IVBH5;Suzanne Aguirre;JMNVA0KZOEGYTJ1;COY97F071Q
383;8GP329;Bridgett Tran;BX4MEXS3J9C;QDKGAUA115
384;D9ULEE;Jenna Leach;QM5IAHGYROPCAB;J17WAGLDCF
385;FZXRP9;Tracie Hull;K169K5XQULZNLU;LPXFKI0UGB
386;AE8TNP;Paige Webb;B1OG918XOC;QA0RFXXJ1R
387;FHQ7FC;Lakisha Logan;2PM8SC2T72CZRYS;85X2B5KMOD
388;U9GMOZ;Martin Avila;AXATU47;LRVJU9S17O
389;VLUMGP;Neal Grant;OOT22B3IXH27;IAXVJ0NFTD
390;IXJRW0;Elisabeth Hall;MTMLRMGY1WHG5Y;LHSII7VAUM
391;1GAEJN;Anne Holder;DI8XH9K3I0RVZU1;5O8VW3NRZK
392;S4EY2O;Brandie Jenkins;WKRO3N82IRDMR;EMM4FLJY8K
393;QG5196;Erik Washington;LWD25F94PU1P;76EQCQK6WU
394;TE76ZV;Betty Fisher;K0QH4ZMLWE9WP9;V58NN3KR1E
395;J7FIC8;Rosemary Michael;FQWXB6FVIWOM0S;926VER9RWE
396;S674CK;Edgar Schwartz;XMDJO2R;XG2H6QX6TN
397;HGNE06;Kathryn Cummings;8M5QPI35F64OZ;8RHWSYFDHJ
398;HEQNTH;Henry Benton;3EW458;EWBKGCTX5X
399;228KS0;Sherman Dougherty;FCLS0HNJ5K;R7RK5XUUUK
400;WZFPGQ;Colleen Roth;NGNB6GQCEQ8GW3W;RUEDHZABJW
401;9XWXMD;Sophia Camacho;IZMKWJ;4155L9KDWH
402;XKRYP5;Trevor Mckinney;T9JXO0GMA;FZA47THJMO
403;TOVIQL;Joshua Hutchinson;01IBS7GESU;95H53UTMUD
404;4ZJJJT;Crystal Ferrell;6WOP4I4;82QFZCKAGO
405;H7PKFU;Adrienne Barrera;I064RU1MI2;7EF2DSHU0A
406;GTQ74U;Tabatha Stone;X4YVV2DNPS65;WS0OF6PK9N
407;IGL2U6;Sean Frank;OVMDU8JIC3SKUW;KR8ERT5ZC8
408;AK6Q47;Erika Weeks;GRLYBGWP;LX2Q0G05ZD
409;YCD2JS;Felicia Fletcher;1TNQUERCU1FW8;D6XFBWDKWE
410;C2E9BU;Melanie Mccall;RAJTL06A0;1UNUZ1NP1Y
411;U4BLRL;Mason Hickman;N6Y67UOS5DC1KS;C63LO68J4O
412;JYHPNG;Jo Santos;XCGQTGT83;YE2GCI8LRC
413;MITBM1;Henry Acevedo;OSNAO2Q;MV835HZHAC
414;HD4L2N;Debbie Bailey;H3NGK40D;QTRCP87CCA
415;D7TIBQ;Micah Horne;QUBQPR4OO;8V9SJO5HF6
416;FV5DLJ;Guillermo Hunt;K7PUXUDJ;7K7CL0RKMD
417;EWDVCA;Colleen Davis;0HGAL93O0GRBPFT;BN8PZSZEFZ
418;KKXPSU;Alicia Cooley;ES3Z1IM0C5KS9PL;AMCTDXACTW
419;R7ZOXG;Cedric Schroeder;LYC59JPGL247WE;GM64CM6KSO
420;QN6BPQ;Emma Ryan;SVRJ29K;SKLKUPCH1R
421;MOX0I2;Virginia Hurst;IVGYFOBFBVLQR2N;DAK0RNT99K
422;HQQQDF;Glen Tapia;U2MDYEF;U7LIUGD8U7
423;MVTIW2;Eva Joyce;YBSWH5JW0WUATL;BUS8S3LZCV
424;N5ON39;Rosemary Pennington;RAMSCBO3P8YPZ;59WKCVIQIE
425;86JMJJ;Simon Mccarty;724FC04WE;8PDYBUW4SW
426;V0OASB;Kerrie Sharp;5BOPU8;7YQ7JUQO98
427;G9YK1C;Janine Vaughan;Z8SU2CL2S983;52CMA3HP4P
428;RDTTNI;Jenifer Buchanan;JGJ9TUPUG;XM3UURR372
429;J9CETE;Marla James;5VVON0NY8G;21XT5CN0U4
430;J63TWV;Dana Griffith;YG7S4PI;JJBLOJTM3S
431;V473RE;Mia Ewing;KQWTQEOSEVZJ;H043O0YW60
432;WP32WJ;Chadwick Warner;JNNZ6NY24B;CZBOHX514V
433;TQSW0Y;Everett Gross;MSK0CH;R2KJ828ALZ
434;RCWZW1;Jeremy Bradshaw;46HVV815A;PJXP1NN1XY
435;2VQ4HD;Carla Taylor;8928XD;X6B902VG1O
436;8LPW4S;Tommy Dean;SJSY2KAGEX6;V81J5SVOWE
437;J8BWVR;Luz Ballard;TNFW6V;CARRRWIE2X
438;GAXWWD;Mark Michael;NULL;M5D7Y26F4X
439;SB4VC9;Israel Shelton;0NSFY1D0TV8R;7OONIHU592
440;UDXF6L;Thomas Jacobson;F58TOQ2M;AU0I8AYYNL
441;430V6Q;Kristian Marshall;FGBV7HASCWDKCR;7MW6XTTIGA
442;3K21A7;Luke Hendrix;4UXPJHK65GHNFM7;Z3324D0JXO
443;KT8LZR;Kenny Jennings;SPT8B42TVQ0;VUI6GTVG6A
444;AK0SIT;Efrain Mccall;CD52D8OUTD;MG2QCJ1CQL
445;VEGO65;Tina Chambers;PUA5EPTU64GKVJJ;LUXF65KY3O
446;7X0PNW;Vivian Morrow;0R4TTG1US;MR2NRDZM04
447;Q1T226;Alison Weiss;EA7XDMFM3D1Y;8GM0D1GIKX
448;KPT6T4;Kisha Castillo;32VUFWTAJ;E8N90NQV76
449;IZ3OWJ;Roberta Carson;JO2PK99;RUBOOSNC4K
450;6MC31A;Tabitha Rosario;FD3BJN8;6MGT5RIHL3
451;V7WBUR;Joseph Velazquez;T58F6M13;MCT0HCCW5W
452;I7PFMD;Annie Higgins;QYLLYY1VFO9AXVD;5PRPPDNU7T
453;ONIC1H;Darrell Costa;JLLLSJ8;211T7HYCPK
454;YX0QDH;Jim Salas;O2O14OWNZ;T7YUOBB08F
455;FHY1WX;Dianna Munoz;TAN8HE1F3;XGQ1G25URV
456;HXUZCA;Christine Palmer;ZGV9UL;6ARYO4UXS6
457;SD9A5V;Lori Hernandez;0FI87QZXV;6WJQVPCI6K
458;YUR0TN;Maribel Huffman;ZRRRMA9136B47;L4K261W6VS
459;AVLHAZ;Antoine Wheeler;CG9M76E7I1;O1O2PN66AM
460;PQEQFN;Julian Woodard;7HFMKNA;9AUHP6GH8O
461;PNDO7P;Simon Hurley;31OB7D5M7;6ONDLYS1LA
462;KRG7L2;Ty Bowen;FBW8YWQG;27I2SZPC0A
463;N702AR;Megan Chase;POWR8QVFTTFI;BUA8PCPQEJ
464;29I1AW;Nick Daugherty;0I3HN4192J;5UZEB18E80
465;MUJP89;Yvette Olsen;G3PZYIJV3ALX7A;D7MYNDGSWO
466;6ECMYQ;Melvin Baldwin;LCYBTS8WBE5;SCT2C8FCVW
467;349PXM;Tonya Meyer;8MF3M5PB41W;N2O2DNN3L1
468;JEN5W0;Judith Gibbs;B9KE8FKV77J;CG3LRPBALN
469;EUMWT4;Lonnie Cohen;BQQE77EK;W1ML8OZYW5
470;WXHCS7;Bridget Raymond;0B8O6YSH;2JJAKZT4S2
471;TOGB0G;Saul Higgins;BKGHZJ;G0CZQHQ0LA
472;58CDAZ;Terri Herman;TOWTA913PSWFB;X6MFSEY4N4
473;GVJC8M;Darrell Zimmerman;XMBOBYBQ1GSD9W;8EJ2G4BGGU
474;JPQ5MS;Charlotte Escobar;9UQ66E;OLL89XI7WK
475;7RC4EM;Tomas Case;IRIQA5ZE2D;DMDN47E6OF
476;P7UVJO;Latanya Shelton;UDX4SOLW3MF0W0;8RYFO0LO4T
477;MAII5T;Greg Harrison;4GY594PE4J6KO6;9I0UJ50LF8
478;1X0JLO;Jamie Randall;NEF6EI14;G0XOT042A6
479;ZQ6DOR;Tia Browning;2K9AW2QLQ50IFW4;LCTAT9HL7G
480;G09VCE;Dan Harrison;5YSKM4WQCZ0LPMM;JCVMAN852Z
481;OPGPXJ;Zachary Johnson;BW3OUEI1TKUJ587;MBXH07LK1J
482;F7MHZQ;Robyn Koch;B49J9JFXNJ;1WO09BR4T0
483;TCKSYF;Frank Ray;X25W3I;HHLT6PGT43
484;HNIVWA;Julie Sheppard;6JTF7Q;QQICC8A0MF
485;A9MSFP;Lindsay Grimes;QR2ADK4RI9K;WAYYADXEY6
486;8JUN4D;Bryan Mc Neil;2TSH50BGLZOO;GTGW60V37E
487;IKWP1S;Rochelle Mc Connell;071OOVXI;NULL
488;OO3EY0;Justin Anderson;JRCNAYT5KVBQG4E;T6YHWZITTD
489;2YT18R;Shane Roberts;NFVAVQ2EJCD33TD;2KAV8F3VQ4
490;YZPJ0S;Tamiko Wagner;UZA04IPCM;V9OWF294I7
491;SQ4T26;Rocky Huynh;ESC0K3MM0G1;CHR0SGYV5D
492;2M6UIJ;Julia Welch;8SPY3XLQ2QHNV;QRVMASG0BN
493;KJDHP6;Julie Lucero;UDW5PINFC91;RBOS0JGKOU
494;K1MVLE;Suzanne Baldwin;S9GGTXLMRI;18S47MMXVZ
495;L650Z0;Carla Mc Intyre;6FSRWDOBP439;EIX0SRGOIW
496;YYKVT7;Patrice Guerrero;PVQJLTGFXJ4B9;XPGBZGEFLO
497;CM6Q7J;Perry Bennett;XK28PB2QQ;7PNT6LTEES
498;FB2BMF;Kimberly Figueroa;RQ1NYC;3W5VZRO3ZC
499;OIXGRE;Vicky Rowland;P07QY621Y2W;OB3NWM5IGE
500;F1UJIQ;Regina Montoya;WNFNRQQMWDX7Z;SB7DZKVV3H
501;LTLVY6;Demond Phelps;TRVRSGL4FA1VZD;HMJ54GNQHP
502;EG5DV6;Yolanda Boyle;7R95HTAB29W7PIB;K1CQJO68VC
503;V2PDKN;Joe Coffey;0RTDA669FNR84LW;34UOMR3749
504;GNE1TI;Ryan Cole;CMPMN1HB;3TH3QIPUPW
505;LB7PSR;Rose Mc Cormick;GSHV8VL371;HQ50916OUM
506;IHGN9Z;Abigail Andersen;50P0K0QU226HC5V;FIFBFUVMAL
507;1S2V7B;Fred Valenzuela;TPFYAIUUEOE7R55;GXI8FYOJ0N
508;Y55X2C;Olivia York;JTLCXO;TM4ILI20GE
509;56T5NA;Roxanne Gregory;NBM8G9A4QDTSDR2;VDZOF3UZ2L
510;4YO3EB;Evelyn Young;N5UMVLJ2;GA8I0M80BL
511;L9PBOY;Shanna Nunez;X9XJJI;AOS7W9DKA4
512;UB5L6E;Brandon Huerta;4MSNN9EL3KOTYD;X149QILO1K
513;61SPFO;Janine Powers;5G0Y6227;45TA2IFRF2
514;AMILOI;Veronica Haas;SJCJZDL6UNNRZF4;A3AV86LLIB
515;UESTZ5;Summer Novak;R8JBXP4J63GI;UC6DRVPEMK
516;WGMEDQ;Adrienne Barnett;C22FRV4XUL;RJNDM6V4IP
517;UNJHW4;Stephan Kim;YHYAPZ61;1Q1YUAE3F2
518;WWDZN1;Lana Olsen;KFUIW42;KBG3PQK21G
519;M6PZGH;Marjorie English;TDWW3MILKB7;ABR8UKEQDT
520;XDS78A;Randall Howe;0GWNTCFQUT;ABFCT0FZJ4
521;K6A2X0;Ron Schwartz;XEM0X8KJMSO3HP;JYBWIH4KGO
522;YZ4SDZ;Forrest Duncan;VVGO5NY;OGP7MFUOOP
523;IFUC31;Pedro Montoya;U3I6PJOBK0;P05NCXJN1W
524;AWFX9B;Dean Moon;YHGLLD0SLQBCF;CRSWY1XMTC
525;AR9NUM;Yvette Dodson;0HKA5N;6MZMMEZ4VG
526;Q3WP1V;Adrian Sparks;YWRWF1U0YG;59BRU470TM
527;6K62I2;Telly Mc Intyre;39QBF9UB4VDRJQ;H3YEQHTQ2V
528;YXU591;Marjorie Swanson;8P141ECOZKOP6B5;IUIOQB4NW1
529;9U5OPI;Shana Bailey;M97967O2;4MJL77SFSJ
530;7V5JCL;Stephen Compton;FUIML585CT5YU;Z5WO7OHB4E
531;BXN26M;Luis Dawson;PQKQQQKOZY3;3QG86DVW5Q
532;B9UQ8H;Ronda Whitney;HBHW10ZT;QYBV4AMXM3
533;TEILL2;Rene Evans;KT2EFGJTI;YUDR23G5KW
534;8R0BCZ;Melanie Forbes;TSUHILGYCPRUJJU;RJS4Y0EJWE
535;P1I6GN;Brady Pope;XOGR5Y0T5;TEXCBJ7P6R
536;0722F6;Rose Pugh;ICAA1V;LRLUEBRFZ6
537;LAYG1C;Traci Richards;Y9XMTZAL1N4;D7S30BLI36
538;GMYQJB;Alisa Gill;Q9IKQJU;51ZTQSXYVQ
539;5MRUM4;Jessie Garcia;RVVS0CL23N1O;HY0J4L3RHE
540;7BKSTP;Tanisha Roy;CLAW13P;K0QK8IW3NN
541;6GI6WI;Bill Sellers;53BWYEN0SJR6IQ;HMKVLLZH1B
542;G2UAMK;Amber Cervantes;E5LGE8HDLFYDO8N;SPU2H7ZFBP
543;EKFWCI;Olivia Barr;F56LSJW2;IHY36JE1R2
544;KB8S1C;Wendy Hoover;X2B3AH;EGEY80ISZD
545;ZDO7ML;Mike Russell;MJVRFMBXOPPG;180P61P38C
546;6GJNSH;Benjamin Mosley;1YR5UB1B4AU8JIG;S43WHFG2ZK
547;KWJ0JC;Dina Olson;59AYKQ5CV9TU8X;UBDOIYZXJP
548;Q4VG7Y;Ivan Guerrero;UF1WZA69ZG1H81I;5FQ2GCCCNU
549;49EU58;Lena Christian;4URIFEH;1O9VBI2BXE
550;O53ZZ0;Keith Warner;ATE9KI6377Z;KEPCIJQ4BS
551;4V9K15;Jeannette Carpenter;HLHVZ0B;HYN6FZ3PMW
552;EPRH0L;Lamont Singleton;J8WBCDOZGF;89OEMMHU7S
553;8TQFMN;Efrain Wood;FYML5WWOH;DUBC3UTMII
554;65SM88;Anthony Conway;YA11PEIDWJF3Z;D7B853387S
555;QF0JBK;Trevor Dominguez;2X3X6T6;Y6GO4X4NGK
556;9LW5TM;Brenda Blair;SKKUV0BZ2;LKSU2V9W0D
557;KMD5N8;Kendra Allen;U8KYV9MZ6MKV;FVH3DHEQZL
558;CCKDC6;Rachael Kane;CYQJ7SZHN3CIG;IW5WFQVIV2
559;QGXSW3;Charlotte Obrien;UII1XH28QB4;IMQFA08ZAS
560;NULL;Rhonda Cervantes;UA7MK1WD7V4G362;UQK71JM9QK
561;9RXO0L;Belinda Porter;658FERR;H1WP5GI0HH
562;7T9T1B;Darryl Porter;OKME438EF5X;7CUCX6DI0A
563;IFHLZF;Tara Wells;A1IAL39YD;NULL
564;3G6ZDP;Jessie Kennedy;XQE82L3ON3IQX0F;11FC8PBVMB
565;4YDWI2;Leslie Powell;84NP0Y9DK5;94OJLVSG9A
566;VFGMNG;Esther Fernandez;XUBHS3MMV;SJ7COMGV7K
567;IAKBVB;Adam Vargas;W1NBRI;60U9S7TPMV
568;1G6XO9;Jessie Donaldson;6K3IV3U;J3PNDLHQK0
569;ARPMWG;Stefanie Pena;BO0ZH1OWY5UBLQ;18V5V0PER3
570;VVWI8C;Damon Whitney;BDJIB20E9;AYOPB2KNKN
571;Z0ZCY9;Shad Golden;E7Z232QGBHF;3Z3M08VDHZ
572;NULL;Tamika Rodriguez;MEY85O6W7;6YLENBSZ84
573;5MNIDA;Julia Lowery;FXR4BLJ3AARK2;GTRZO9F6XG
574;I6YUT3;Shelby Rodriguez;OTU23U9;X5V19ZHJDM
575;ORZQZ1;Tracy Sexton;7PR4K3XC7C85R;CRP3WF8UKF
576;ENTNYL;Mandi Graves;AYQ5X864U2B4JBT;HJAU1JLYB2
577;G7LPZM;Barry Wolf;TCZ7P2D71F5Y2E;U1GJL2SIOQ
578;414I6Z;Cassandra Huang;X2MJVBYX112U;DG09LC0X2V
579;OYOE81;Tyson Joseph;TFJMI3JW5;XOCREYXXEB
580;80LZ8W;Pablo Rivers;C7LJ4H282F;UXONDT522R
581;ZUVFO1;Martha Hughes;E2WRYRUF;H5TURY9YDZ
582;ZD5UHF;Salvador Fowler;5N7PDL;X3R6UNUKRC
583;PU7T1A;Amelia Todd;JGYVFRH;CM2LYY6S0S
584;P48PJQ;Chastity Banks;BASUFYT0FXFDN;N66XK6ZNGY
585;6ZQRPE;Gina Mata;JBOH7FP;80KV7ZI7IZ
586;783HYB;Shana Carroll;V5ILJR;TT7S60ARLY
587;KJKRMR;Brian Bright;KCMKMGNZ0Z0BMSS;RFL0W3NK3V
588;5D56M0;Trina Allen;88OWN6;AD102R69SA
589;PNP5AT;Frank Parrish;K2LBFM;QCCQR0ZDOD
590;EF2R0E;Nichole Nash;TE2WUKST0EWC;F84A63FKXW
591;L4B3Y0;Clinton Mc Lean;H732727AC;4ITQ5XJLB6
592;LNXWZO;Derrick Long;UGDE2H1;LP8N5BMKQ7
593;LKK2DV;Ira Pacheco;8CP5L8PX75E890;8YTWSK3U8D
594;LECNHW;Jeff Melton;IGDZI4CF0HJ7;P8TX1V2T31
595;3H0LC1;Rosemary Bennett;H6QBZANZZCL;WMF1JX4XC6
596;9U2NZ5;Garry Levy;C9V1V4L;RAUX85ZHHY
597;ZR8B5R;Wayne Parrish;4VYOIIZ;CZ0T89RIW4
598;VHONJZ;Jerome Mack;XOO118G;C26HQ05PA0
599;QYFH4Y;Lora Mata;E28YDBJ4R45VHD4;VHJ34MWULJ
600;6XBMNI;Kirsten Ward;XDBM81THAR1A;RAF1PPU5U9
601;PIFEPE;Faith Cherry;KT3SUNSWN;FYRQRFYCRN
602;M3CC4D;Nakia Gill;SBTXEC4FJJC;93IA545L2I
603;ZBYT1J;Serena Dickerson;NXUSC9ROLA8G6A;DBW1OBFU46
604;VN6V6L;Joann Preston;2MQBGAXIAE4F45C;61KBEUHV8R
605;TWOH9G;Nina O'Neill;RBF66X1AJ4;M1CIEKQ086
606;Z99TLE;Ben Zavala;UI3DQ3;OKGTQQMXXI
607;V340K9;Antonio Cline;2SS7WTPEKD8UM;EXHQTQB479
608;NULL;Lillian Hoover;9RG5R3V4LG;2OVP5WU44Y
609;MDTMZT;Bruce Mayer;BB2061DB;YCZUK3R8BU
610;V8IISS;Harry Esparza;3KPJFLG;NME1OQZO3Z
611;6NUVX3;Billy Mac Donald;DN1PHGLR;OIRY1KP2SE
612;2PZF4F;Martin Fernandez;7ZZFX6CFK;QY4RZ68DYX
613;J1VMCM;Sheldon Solis;NDDCVISEP2;A18A4835FU
614;JVV9NB;Janine Russell;Q5N2RX;1NH2L16I91
615;0QASLB;Preston Collier;2TUH8KTDCE6D;MVFWWRSGQ0
616;FA4N56;Amie Gomez;4U3TEZB67P1W;J7QPRFHYNY
617;OT6UDT;Jennie Mathis;PHUCD59YC;1XH9XK67FO
618;7NWF5K;Mickey Wilson;N55TIH6D;XEDU8BCCZ3
619;RYLARV;Lorenzo Higgins;BOSV1TNRM7V4T;14ACVAQ1AE
620;YONJ3C;Karrie Wu;NULL;GTIENU89JL
621;RQZ6GO;Lakesha Raymond;JUCIZ103ES;GABCW75MBY
622;2PF9IS;Adriana Davila;FN96SO1BSK0XLS;DWCZKPWGDE
623;2ECFQ0;Myra Navarro;PENQGMUKLY;HYJCTOH4PK
624;CICEBI;Dustin Wolf;Z6C87AZSM5DLTI;QO00IDJWN3
625;4IAAG7;Evan Simmons;T00JXRP;NULL
626;XW9PWS;Molly Mc Neil;BMGOBHL2O8L;DFL2N9ID27
627;861828;Rhonda Decker;UZKCQXS6;RSDTJDG469
628;AA4CBF;Molly Rocha;BTT7MTTK10F9;B6OZK6IXGQ
629;8MS566;Shelby Skinner;0MRLOA02;0L3RR18LCH
630;65Y1LD;Donald Frye;D7T0TFOT;TW7MOU5GJW
631;H3PU8Y;Dylan Cabrera;YI30TMGPORIN76G;U4FDOOCU5Q
632;CB589S;Garry Woodward;YYL49I6AMGLELZ;5RSQSLFWLW
633;NULL;Trenton Humphrey;V70GQM0S45YM;GCRRXHOR07
634;86X4S0;Kristen Hayes;J251DVVG2PRGC;TQYBECJ9HB
635;AGKQMS;Sidney Pollard;DD113OD;MRFUY1K0MA
636;026HVR;Dale Bray;F6QPHY5GZ;SN2LWQU6EQ
637;6EI3HB;Courtney Ortega;VWQKAK1Q4XTI9;FY1RH72CCF
638;BMWWD3;Jonathan Ortiz;DTMF33VYWWMZBND;CQ0C3IM70K
639;Y1WSCF;Amelia Walls;BLQGKG;IXA8SGTEBX
640;N54M61;Bobbi Peters;T2G0DKFTXXPBOCP;NCHS7KCXAX
641;9YRE11;Brandi Stein;VFX0TXA9DC7M;2BCLKNBJ6P
642;RF1APT;Geoffrey Garrett;SSFXQTCM2IDG3;ZF3G9FMIY3
643;TOT8O3;Byron Craig;2LBPKL8U;Z2NUAB2V29
644;0AOJBL;Donnell Gallegos;NF9VR6M0DTM54AE;NVZV6W52RQ
645;8EGB9J;Kisha Wolf;JDQTXJ;8D2OQBWBRZ
646;O4IC1V;Brett Saunders;Q88O1NM1ZX;AB9YPC0HBN
647;LVIMM8;Rodney Benjamin;RIGXKFFH;HR8GD8PCVB
648;HAEHY9;Ericka Bowen;NGKXBXR18H043VJ;BT9RMLRYQH
649;O3UPGJ;Monique Holt;JIKDQSM7D;VLNL86T2AE
650;1LZF9X;Maria Huang;WHLSBDFJX9;4VAF9XOLE3
651;JBWN7U;Maria Diaz;AC4VLTIWL;70FOXPEPDX
652;E6WPCP;Ricardo Rangel;NXA1XU3AU;ZWNSR0JJT0
653;32TBAT;Tyrone Guzman;CKT19FG;BPEH6BTA52
654;1NMKCO;Salvador Cline;NPKXAY85GH4Y4A;FDN5K83NL0
655;9I7CBO;Patrice Rivera;U8KBQDIC;HVERG5N2VA
656;YHTQET;Elisa Newton;2EBQJ2L5DC9W3;JPQ9GJ2V3S
657;XYZ3TR;Micheal Suarez;MBTREL5V;LHA5MFAF5F
658;I53Z35;Angel Buck;2SZSP4PS;88I2EVOM27
659;O92U6U;Karin Cox;CBVVNHMDWZLR1V;0TYFARKKPX
660;NPD11T;Doris Morris;JXZXM4Q4;XAWHBJ8RG4
661;K0KV0Q;Margaret Wong;O9YKAW0NK4JSUR;WGHQE477HP
662;ONHJWN;Todd Allen;B50P6AY1X;HHG765JULQ
663;C3C7JG;Krystal James;9S5S50M7O6EJ1;XB85XJ4EBR
664;8QV7Z4;Lance Andrews;0YY7WBYP5BMH31Y;0WHXJDGCHG
665;9M2SXR;Gilberto Roach;Q71B13V;KSF04D27LI
666;5I33EC;Colleen Wagner;E3XL5K9;7J6H86O32D
667;MLB97E;Esteban Owens;3XP7BQ4M;HGKP8L5E88
668;L1THCW;Sabrina Lawson;JNT6OXK9SF6IQ;BQGQXFRB35
669;9PN1LU;Aisha Koch;W33TTDCKK2UD5BQ;RPXQ159OED
670;1FRZVS;Jimmy Schmidt;03E0HG1OP5;ZBZGE4G26A
671;K84439;Jon Cochran;CC529DVS48WA;X8G1H98CRA
672;4KYSQZ;Francis Sharp;YZ2RBBR9I7F23;0OUSHJ04JU
673;L8ALVL;Virgil Curry;KG1E4N00;3Q5RH1MU1Y
674;TF2SIL;Mitchell Moses;FZL0AJLC4S52H;RSPA0N0G1M
675;6KABL3;Damion Lindsey;9CDE3T4QZ5NA;KAALMMX12R
676;SPC9MQ;Sophia Wolf;3TRN8XSMSQAG;15QWQS7PW8
677;4P9VVQ;Hannah Ballard;WVAAYM33;TX227JD43S
678;6GEZ7A;Jarrod Curtis;1R9W62PZ;56UHVE0X0W
679;S2CLO1;Tami Zavala;C07IID5X5PQ;LQJK3W78CP
680;0NG4VN;Lauren Shaffer;M2XDW8FP707;3HCIJFDNXN
681;IYB8UR;Tabitha Beasley;BS0DBQQXTAYGI;R0K29WSPY8
682;QTWMU4;Maria House;DX40HDCAFOCJ;EBCJNFGWUG
683;4WCDS9;Jermaine Gonzales;TA98BSY7PCSLE;F2D4CVKKCY
684;M0NYP6;Kendall Hancock;TOC4GU;8YJ01NAFMQ
685;2SQ03N;Thomas Maldonado;UHL6JTW0DC;J2060RX61S
686;H2QCJ2;Neal De Leon;SHWNJ1MNK6OLCF3;7KHO5KW4EW
687;9FZTWY;Byron Contreras;IM2JWORYSO2;M3DZNETMFT
688;Q4Q3ET;Bret Smith;Z16C0RSX;YIA35VTM5X
689;XOA5KL;Bridget Byrd;64AISAB6W8QFEDE;BQZICIQIHB
690;06MQHB;NULL;S44PYUUYTOI0C;YFXT14JDED
691;UL187W;Kendrick Orr;KN6CCHS13E;ELZE1E1BSQ
692;LO4T87;Luis Poole;SVFCCLNS18N;NSMZ51BVWB
693;OZXOTR;Louis Cameron;74BABO4RB;EJU6CUP3SI
694;DG6ZHF;Jessica Rice;CO3911X;7CDIYGBH6J
695;9D2EM9;Leroy Barr;R1PA5ZEMG2;BS461ZH1JH
696;IPU7XI;Gregg Zimmerman;7ACXZZ8;X7FJV26MPY
697;05CBDC;Eileen Everett;6GCYN4XJR83JMUI;1KALM2VKE5
698;6O2OK2;Crystal Meyer;MYXYCVP81W3;K8215TQLQZ
699;5U9QH4;Marie Mc Intyre;ZR4AT0Q2E2;FF63FL8AKU
700;B2FMYF;Ramona Ortega;68GNDDJ8DRVB019;6RJWFDE6Y2
701;A3HW97;Loretta Stewart;AR4WR0EJ0;ZN7HTXDW47
702;BUN33X;Sherry Morgan;TQL4G2JVRQW8BU;W5VFJN9B3K
703;O0Q27F;Norman Kidd;NQR4F38JCF;P1AH8DD6K0
704;UKHFE0;Connie Peck;A5B5TWM9KTN8;TGJVXSBWOQ
705;2WPEW5;Yolanda Whitaker;TR4AJS2F9E39;1UE10TRWNZ
706;LLRAU3;Rita Kelley;FK1K69P5R;VX56BO0IXM
707;ZMME78;Courtney Watson;KLWZL2AP0IGA;VBEVNPH06W
708;1OKQ0S;Gilberto Stanton;YXZJDV1R7;20G37CJFOD
709;IZGV7O;Stuart Holland;6H27ZMD;NULL
710;XYP6R7;Daphne Gamble;61EJPMSGDY;RKLPRGMW5S
711;FYRDBJ;Mario Stanley;3R64W2M7P;WY2M561FMS
712;YV16R1;Jerrod Sherman;9QMDPQIJUB2M;HV5Q8HNZIY
713;84OWDG;Todd Tanner;99AF8D;SKU9YY0DAQ
714;LAFMEL;Lana Moreno;XH2234ZC;23H0K7CD9Q
715;OX7G1K;Kirk Carr;5DFO7WAR6ZWAWJ;L2QK085959
716;QTCO8K;Darcy Coffey;MHTXUMNEU;66ISV72E9I
717;4EOGM7;Terra Compton;EROJ9L;WT188WFN5P
718;T09DRZ;Clifton Everett;5DOXNXQC;IYRJEXS71K
719;NBQXYT;Andrew Holt;I88GG0;0XBHSC5BUH
720;YUQPHE;Teresa Faulkner;EGMB2I;66XIS08TI4
721;BC84WI;Yvette Johns;IYLQT5L8XE;6NJ0CT4M2H
722;WQ6REB;Cari Pruitt;5IVPYJ2KV4E5DH;LS3XQ43HTU
723;WX2ALT;Amber Calhoun;T93MANMU5Z27;QSLLV5SY72
724;HLQAQA;Ian Schaefer;7DAATA;OQNXR0B68E
725;KYQ5S7;Gregory Owens;I2PH28HMF3T7;CL4EU94Q0A
726;O19VGB;Freddie Howard;FBC4B4IIOPQWC;OWRFQYZU39
727;KK5KHF;Cindy Riddle;DHU4B36VRKMJ15;E4D9SC36NL
728;WNFWLF;Christina Valencia;F25UYHW15ZPRSUD;FG0GGBIUH1
729;QHT57B;Marcie Bautista;KQ445L;61Q6C9D6EB
730;SGML4B;David Hunter;H41KKR;K601KHRMUM
731;WSF4HA;Liza Terry;R3CI8NK2ENG;LHBE9HOB9R
732;1LQ8U4;Wendy Spears;O5MBE1EL2TW;HYBIM0TTG7
733;AA86RO;Alexandra Haney;UT3NPWXB9O7LF9L;DWTGFQ02U7
734;JFP9ZF;Lydia Mills;DIBGNPWU;9G9VX0VI21
735;4JYD4T;Barry Burton;TNI65FX;TP1P2VRT06
736;U0S35X;Yesenia Noble;BNFKXCHP460X0V;S3FLS2YA7X
737;W3WD7N;Rosemary Rasmussen;GO7JIGD5X8SW9E;8OU9R2TYX4
738;5DFCMA;Loretta Andrade;38AF3L65G6TQIJ;424EPO5A17
739;CPVIU3;Janine Reyes;WUXI2H;KN5GC7SKRU
740;1RVQBO;Angel Good;VFQYIH;AGDUS3P028
741;AG3MR8;Stacie Woodard;4F8BZ2RMLRJA;2ZCGDC95WW
742;CSVRSA;Kirk Estrada;RDOPUM0CXY;5463BQL5DC
743;5J0HIM;Dustin Brandt;CO5CUO53;RRO1UV2K04
744;AXLATS;Marcy Ward;UCQLFJG5A;ZL63VTGAMX
745;B1MWZ1;Heath Conrad;6ZRY6IR04VHZ7;YA9NPSZEWU
746;WCPV2Q;Kent Kane;HZAWESWMFMP;67KSCIE2BV
747;WZQ2SY;Darcy Hood;N39A5V2NSSK;A4LW7USP2Q
748;8U8S2Y;Andre Bartlett;ZU3N176U;BSDS669LM8
749;JHCXGS;NULL;93G9KQHDKJ59RV;SFYJ2HYWJL
750;R9VS93;Eduardo Espinoza;QTQMXJOPE;S042SL4M7S
751;7BLGVH;Camille Ponce;XKO8K8GUAD;7VRFJB8TQ9
752;YV70TY;Cedric Ramos;T0K4KA;AC6YORAR66
753;6D3W3U;Darren Hogan;8FG7YFW7HJXLK;R0CN4DOG00
754;UDXLYZ;Barbara Little;1ON5S4ZBPFH;A73RNXMNPU
755;PV9JUN;Nick Peterson;OXS5HC9GGZ3;TPSWUWDBGM
756;JNC7HM;Diana Chambers;M9BDQWWP;U4Q2W7U599
757;M4XNTX;Catherine Hicks;KRCXZR5;21YUX4D4IG
758;VRW69V;Cherie Schroeder;XP1QGQZEB1KC3;F7MU8JR3OK
759;XNUXH8;Melisa Arroyo;2KXIJT;0DY0K1FTKK
760;0XHYB1;Deanna Kelly;KSIRN45G7;VMRXZZ8XB3
761;QRPM8S;Abel Bullock;L37I92Z5IC;CPJF1ZAE6K
762;80Y41K;Alyssa Gomez;FUCDQL;H1KWWKCOPW
763;3DDLRO;Marianne Sheppard;R0G7CNCW;DBZ3AKRUR8
764;ZHAZDD;Marcella Hurley;YTMTX3JY9W;619G4ZGI5E
765;7FOIWX;Kristen Osborn;SIXD1HM5Y6E;H5QC22OLNE
766;06K034;Gwendolyn Herrera;IGP71D;EB7GYOQNCT
767;MWSFOD;Simon Conrad;K5DJ1CVI;0UJNGFC86Q
768;J3DKC1;Edward Suarez;BBD4U5X9236V07Y;VUUDXHO65K
769;9FMUFM;Ross Douglas;JV4D8WHLIBAF;9MX8O1RRI2
770;LAM5NP;Robin Zavala;W15ZLU;B5VTFM89F7
771;7TKNKW;Joann Davila;TA3CIG4Y7;VGDLLR9Y5N
772;LHJPZP;Julius Nixon;JYE7IGR;XLWP7RBGF7
773;BBYJVD;Melissa Delacruz;TEURLIVIA610WE;6IPH311XW5
774;QX6OIN;Judith Sherman;CI8RRVSSIDNS;2QGV2G0IKW
775;L6A1NT;Summer Ballard;0REKEUSFS1PL;Q89WQFHXYS
776;ASWS5F;Jamison Short;05XX6Y5K2O9;FAUW3N7W8R
777;X25FWE;Miranda Lawrence;Z91MBEXQJ;1J68COUGWN
778;YOLRCC;Vernon Burgess;JSHM1MXJHJ6;4RG87AMFY7
779;VEZ18A;Meghan Poole;UMUL7PMRY34V;3B506DCANN
780;B9NBWA;Glen Riley;LRTGNRVXIM5;C6QQH3S3IV
781;I2QPX3;Christie Hayden;KWIMI6QIOEE;U63FUGXASS
782;U08L9S;Marco Briggs;Q783RJGO;YFU2BIH4M0
783;IO9BGW;Roberta Burch;6GU42URAD;UFAIHTINVP
784;DWRW4N;Leonard Wu;ZP5MT45FWDCR;SGZWQIVDCU
785;TH3038;Adriana Valencia;C1QFJS5Z6HTDG;48BVERALE9
786;LV1F9N;Gretchen Mueller;HGCZ7A2E3;YBN5CZ3S5X
787;EQFZHC;Teri Gay;KFZM3JA9F8;QME3ERZ88N
788;LE0GEM;Cara Mc Clure;3BE8I8CT7C;DA17LERD9B
789;5ZTSF6;Juan Black;CFNZKE4G4XX6U;IIO8L6W9KP
790;I4L5K7;Charlene Phelps;SIVM6JY76E4XRP;MIOHBCIM50
791;T7V78D;Robyn Fuller;QLV7C2JZ4ZV5Z4K;WYD35DP1SN
792;5BWMAS;Hilary Vaughn;4J3PPG61SA599U;NULL
793;23KPLA;Terence Barajas;NFEDC2ZI1;S4WE55TCY3
794;V8MTG0;Candace Robertson;IRNAEY3L8ZDNZ;TNJI42EUM5
795;LUUX5X;Everett Petersen;AETF1X9Q9C8Q;VMQVI0IKJW
796;748596;Tricia Mccall;Q72502G7PJ;FPKKX6CTT1
797;OW55DS;Roy O'Connor;EB1N1V90;J4PJN8MMY0
798;11FYWG;Glenn Durham;13X9KH40SHA;U9AOANSTEJ
799;Y9DRD3;Charlotte Benton;ODDE5TCKJ5KV30Q;X8TXJ57HTC
800;G2P4VG;Arnold Cole;LPE37AJ;B2L6YD9YWY
801;YBKC4G;Theresa Camacho;ATLJXFE78;EVBA8WP1ZN
802;NULL;Tamara Rocha;QXO9V1WFW;37HPPPGEG7
803;CGO37F;Roman Padilla;J26JR8E;YX734OFKGM
804;SEY9HT;Hugh Cisneros;36UDUQ4B8SN3RDM;2TYL8XBRSD
805;VVDV2G;NULL;9S7BTC7SDM3;BYDO8NKHIH
806;TG0HCK;Joey Ortiz;N2SO0A42TC3X5;PWD35R1LE7
807;QUMS0Q;Jeremiah Jacobson;T3ST55GR9Y;M4NR3GJ3PF
808;SPO5OZ;Charlotte Valdez;39QZ207NWN50Y2G;QM8PFFR0Y4
809;OQVEMN;Rebecca Rivas;KKXP969J40JHX;F4185SJQ6Y
810;F7G20Z;Faith Graham;WSTNX1D2;YC81HJ3YES
811;0NLVVH;Wesley Poole;BV99WN3T;E6QUFCLUE8
812;JCHG3L;Amanda Bradshaw;PWW6C9SX;LPIQVARJY9
813;5OPDGJ;Cassandra Hobbs;7V1GQQ5RD6B4FVH;POWGDY8W0Q
814;P53PWZ;Craig Luna;LT0XDV0;7PUHBC65CJ
815;N5P0Q4;Charlene Crane;SS0VPGKU0057PV;PQJIRNT6UT
816;13ATHL;Jeannette Barrera;J34AWIMA0EDQGS;1H2YZZMMI7
817;EEXJ10;Annette Lara;NCUVNXP91XMG3EQ;EISVEZEDTX
818;JQOJGD;Marty Riggs;3QOGT8L4N6IZH;WY5XU7K2TV
819;II5YIS;Bradford Mcgrath;P420CTCU77TT;8ODFDD7IQ0
820;6RGCH9;Samantha Merritt;DA2IVA3A0RB6FQQ;8C0QV9USH0
821;LFKZX1;Oliver Valentine;GFPSP7ID31XY8;7L3S14F1GD
822;Q56UY0;Evan Trujillo;GNZ58ULOMP;ZA4IZM15A7
823;E1GAQH;Luis Madden;2PCRTX2MMQR3;AQSX4BA81E
824;L5UZT7;Charlotte Reynolds;D5ROETC51HAO7AI;7GSBKB32OK
825;NG6KQ6;Erick Bryant;NST0FNH;LDQLDA8RCP
826;B3KICZ;Monte Randall;M94VBMSPJYR22W;EACZ4Z4R7B
827;CZ4JRS;Brandi Acosta;SC70813MNJQZY;L3NQN1P28I
828;P02QRK;Lamont Velazquez;3LQOM2;24F6IX00A1
829;9QZ3T3;Sheldon Baird;PHTEPL59IGTQI0;C1HYK63YXC
830;PZA7U6;Gilbert Whitaker;7M94INHBL;DRMYNN619H
831;XWREIS;Carey Carney;TQFC0EGT4;588KXH6R71
832;6PG2FF;Joni Strickland;UELIGYC43W8FYG;WQL8OHIY9L
833;G4TYMX;Jay Stewart;4EIJI868QVUP;5QOJKACU8R
834;DKFIVN;Travis Collier;I1DXEW;1W8Q08MS55
835;ZUBXLP;Dion Holloway;T0RNKAC7;7VWCEYPIB7
836;3BB9RR;Tami Jacobson;FESZYW0Y9;93HWDWVEDT
837;1I1DO6;Irene Kerr;VO5UNL8FL;OOP0XG9CHG
838;VG8891;Frankie Lamb;IA01NK3NUY7VYJB;AJSN8VD4PG
839;CCWN4L;Allison Wright;2PYL1FNS13N;CM493UQWRR
840;V54UP5;David Durham;32CUR654EQBDSD;T67ME188YP
841;THPU5X;Tamika Lester;AE0PMJ6IIG003N;ISY3QNZ083
842;1D56HE;Penny Mcgrath;0JXXJSMC4SD62;OC2VOCFMLO
843;NULL;Ebony Day;EKSOBDE0E1MW;9QMFLHCWGI
844;D2PBN7;Timmy Hurley;TDQ52H6PSG;34CA042WQJ
845;YFMM6X;Vicki Wright;TBN1WX8;VIVJICVTB3
846;DWJY0V;Andre Zhang;454W7BRAS05V;IJ8GA2INBN
847;YJD438;Jill Sparks;M8TYDMBPVNM4;D9YJDCAKPX
848;YQGN62;Bryce Gamble;V0PD4G;BU4K1Z01M6
849;3FI2YM;Chandra Burke;9SDOHJU;ILT2JTZE38
850;237Z06;Neil Wolfe;7DPMKJ63U2JA;G5MLZYIJRE
851;GM8HJ1;Blanca Werner;M8IIR9;27DBQ0INA0
852;IB7KYH;Milton Lozano;RLFWO31UU4H;5QCQBSHKAU
853;P6ZZUN;Alberto Edwards;S0IHYZJ;1DZYF01I3F
854;H1W188;Darius Bridges;OWUAK6WMJV6;VILO72YVFX
855;G5531L;Latasha Murillo;ADJMYSXH;8ZV98NQ164
856;486M13;Rhonda Wilcox;C8QLQIW4RKJ;V50CSLIMSW
857;3AHZ4T;Susana Harper;USUQ4BI6EAZYQ;DUT4MKEMEE
858;W8Z6JD;Dawn Garza;EHWJ522XBO;S5026RER28
859;LBFASI;Autumn Graves;PUN0ISANIGLPVT;3NGOVADDT5
860;62HWVH;Serena Browning;EA229RU73E7;FM0F406MKP
861;YSCSKQ;Roberto Henderson;FH5XH6MFGU6WI;LDUCPEQ80U
862;QE24EI;Alfredo Herring;B82TS1PNN;OR5OYO480L
863;W5XI7J;Tamika Malone;V9FCUMKL;FQD1QNDLFO
864;WQB9KH;Teresa King;KV6DJ4I9D0J3;P22UJKZNL5
865;7029BS;Keri Stone;JKGM5AM6IRTD28;VX99F2HIBO
866;FMDZNK;Xavier O'Neill;9LUALKXS;GY4YNN3UEF
867;WD6EZJ;Candice Adams;UIO9RCN3NOPUV7;P13M45J9D0
868;XKDNY1;Martin Gilbert;9Y524CZHWRZ;XUGSG7B4WC
869;21JZ8G;Brendan Sharp;69ILMRBS;YL4QLWBKQQ
870;EZU2QK;Brandon Roberts;LDE53QPDI;Z786TYCY2B
871;JJJKYO;Anthony Duffy;EDC1MF;H09HV6VJAI
872;D5VLYN;Tracey Smith;OSU1SHS;F3IHEJNXTA
873;GOMDQW;Jolene Hahn;GT5322JFUO;UV8KADCRYA
874;LUZE4B;Timmy Rangel;QW0LA3DVLE;633G304O6G
875;DCB9YS;Misty Gallegos;8V6Q3IX;GS4OBKSB4I
876;0U20D2;Eugene Johnston;SVMLNWKAGT;95D9BWI6IK
877;VOD9S8;Stanley Glass;YIC1OYN;GWEEXFMT43
878;A8PZN3;Betty Villegas;KXFM76NL9WCZ1;AEGFM1SZN5
879;PJ5UDG;Corey Doyle;8VP4BDOPTX;PTX2UP86ZX
880;SJB0VW;Sammy Nunez;QFAVUHSFBCOD9FF;7B89WMCOBD
881;UJDDUP;Angelique Clark;AAD3UTGAHBKNAIU;HVZSW9GEJW
882;5M5B2L;Danny Cox;ILGQCQEEKJP5KI;07KHULXKY3
883;3M9AOG;Jami Keller;PVDEFGT6XZ0;A757C45MYU
884;AX50LO;Lorenzo Li;JX45TIKUNYPO;BC231TYPLD
885;429XCH;Jeff Burns;WYJA3APZUV;4A0PFSRRQF
886;PBMSE8;Gregory Drake;X4FNPEJQ;NKSNOXB8XX
887;X0JAVW;Stacy Gregory;CVHFEWN0NSQ6;XV8FQJ3L8I
888;X2Q7F5;Marlene Raymond;TIH9WTPAE;73U6NPDU73
889;L7C90M;Philip Flowers;2C8O2W59F;1OIBE41DCG
890;KVEP3O;Wendi Erickson;C70H4V;UD4GZ28N57
891;ANHA8R;Mary Esparza;NPC14L8AW6FHP1;7COSHAMV2Q
892;XMPPSE;Randy Reese;Y5E367K3IJA7CMH;9TJXE4YKU5
893;0JPXCV;Adam Ellison;50M2L1;28G16PAMJX
894;49JDLI;Lora Dorsey;XQ0E6QPRQ;AH5MLMRRHD
895;44LR7A;Juan Pace;B8U30P;O3BW2N3PKC
896;E8W7D7;Dion Myers;2MTIUD;7AGCF3WKF7
897;KNK88T;Jamison Waller;OE6AH3Z;TJ2RRJBT2N
898;COSRSB;Jocelyn Tran;WIGC6TEDSRK;NKCQANNJUC
899;EYWM8Z;Ray Pratt;1DMW4BNZZ853;OAV696OUXY
900;I4XK4L;Ricardo Mc Mahon;4PRJEAMXVBCM;FARUAVKDR9
901;ATPYOE;Ernesto Hanna;I5N81Q92U;LMWZPS9XWD
902;MY5DPT;Jean Hatfield;RA65GZGOCCZ1;QUSVL9448Q
903;GS0FYG;Ernesto York;NTDGXC51AAGSHC;G42YGCRZGL
904;AZK47W;Jonathan Bass;6EUAAEZ9;RO9A9HVK01
905;INN47Y;Eva Rubio;56YFMZ9OH10FN;KJX1FAA8N1
906;V2S4XN;Zachary Crosby;BPO9H0PCYNQIY;X5SWQCX5WW
907;ZR8J50;Clifford Andrews;ORQNK5BREP;W33MBZN9NQ
908;BW555L;Claire Moran;A0RBGBBJ3IK;NJI0EXGP8Y
909;T4UGIG;Alejandro Willis;4I9JS7AP4;JQ4IDRINU4
910;BH9HVO;Alisha Holland;Q0QACUIZKBZU6ZY;ANUYSZALDD
911;Q7A1S7;Philip Dean;ICEYU035L5BLIJ3;BH8EPY0O7O
912;8CL2V1;Jimmie Kemp;A9ARL5YG04X9MAB;4JCISMVQ0W
913;QIY2C3;NULL;KRPYA56QWKO7J;R9V6F4HENK
914;XYNE6O;Amy Hobbs;G17ZKX;3FM9Z2KN5W
915;9Z1ABG;Josh Greene;7FCDYXP2U;XJBLA6NPMD
916;PU4CDO;Shelly Vazquez;BT10RT4P42;TQYIJIV7S0
917;S8EMFW;Sam Hall;U0HQX4OW2N;PGXVJNT6DQ
918;ZAFILJ;Trisha Dickson;DKDBDLB8;JBBUUTARYX
919;9MMMIN;Tabatha Castillo;O22DDHVO829;ILWBGI2RX4
920;CJRJKM;Sherman Cooley;U5CFVM1T16R;5TVOENZVG0
921;NUQYFF;Robin Patton;LFGMGFJ;86M7OO2W12
922;P9SRS2;Belinda Hudson;WLVSY3CF8ZN0;OXBZ77B4MS
923;OMSQWS;Damon Norton;AJF1WIYAEFHA;C5HY5ENS2G
924;7HPV0M;Wade Cooper;RY088SIWJ8AKGR;OCPO8UDP12
925;PM3U9K;Clarissa Chase;MK2IRIBW1LJXK;B5YDFFRKCD
926;GPJ63N;Cedric Thornton;H6DHSCEE0QVHGRA;SUGPPIN98Z
927;DUVPKO;Annie Ferrell;HFRPOUCZJOG1ZN;N8YAJYGQXR
928;WZTOTL;Sherri Orozco;VXT11W3OE;7UC0SZ70I4
929;C03ETO;Eduardo Collier;7KBNA1J;NKV7J4V1SU
930;MOWIIY;Wendell Mckenzie;W446VENUE;XIPE5VS3MG
931;X8JS5W;Mitchell Porter;3WDFD2;EMMDPQN18H
932;NU5GYS;Troy Farley;JNQ88D;ZLEECFCUVZ
933;NA6GYV;Keri Bray;CUG91B9M;3WTBDUB7EH
934;OGSAYI;Jean Dawson;E2IKO2;D58K6E5EQL
935;6Y72QF;Tamara Moon;D7I5KIHS79N;OI40QJDQRL
936;R9VOPM;Clifford Shaw;DTEOQDU1;UJPJECTP02
937;5YYUW8;Derick Patterson;DS2OGZ;T785R8YPH8
938;DQ2J34;Miriam Clayton;CUIAH9;G8A6C3STOP
939;SRI6D3;Robin Norris;0Q86TDN2SOI9;3APVM0SK1K
940;WYD8DT;Lamar Wu;0ER7U0G0EGG4JIF;VPWSKS4S14
941;1BS99D;Lawrence Duncan;QC94HDXI60OA;W2G87ZPX7E
942;HTF2AR;Carmen Foster;0D67VXY2AGGS;84XFWLXXW7
943;84JMAQ;Garrett Garrett;LAR29U8P1B84;WCLAKI0OVN
944;HDHCI8;Ericka Melton;NG90UC5OE;1ENEETSV3D
945;0KMIE2;Shonda Montes;9WOLHAFWSB5RNQ4;TGSV4WJU48
946;FA9TRO;Elias Shea;U2MZ2X29;J64NXF6XII
947;X242BP;Sara Stephens;NULL;S2JSH74403
948;TUL33X;Gerardo Schroeder;HSAM4MN78H5L8;RJ4HPD351J
949;XAXQ5B;Sammy Arroyo;ELFFSGVS;7VGAQVDP6V
950;9SJWPF;Samuel Abbott;W3I31EZCTE;FOQBCEBP07
951;T9TJ1O;Esteban Morgan;ZH5AOOHKF8Y5;IFKIFPSTCH
952;AC96JK;Claudia Eaton;B8DNHASEO9;KVOB7G8QBX
953;Q1FB4T;Edith Mueller;JLJMS85C6YQW;44FRD1PTBI
954;ZC3LDS;Dana Kidd;4R3ZBDBXXWR;HC1P8FOWDI
955;9L6M9V;Wendy Holden;1CUJMVB;J4UN06VGAW
956;LSK18Z;Karla Hinton;QR35VR72MYNLB;DAG2OBQ3I6
957;YNJMQB;Jennifer Wright;IQ6S3B;JEBAI8S1FK
958;R3KKMB;Valerie Bauer;GLORSR;ZKBWP1IYU8
959;WPXNWV;Donnie David;ASK2FNP;OYQ95RC590
960;Q3K9P6;Marcie Hurst;NY3K58BZ96H3;7KGCQOMN8H
961;9V9WTU;Bennie Mathews;4DTSZBA;RAVRSLPKJB
962;OJZNH5;Craig Fleming;ED2ZCRTEL5O842;GPCJ931P9A
963;HL2NJ5;Phillip Dyer;OJ5O5MFKBN06F;1DQFDAUB60
964;2MEC3L;Priscilla Waters;9FCF79K1;F7GDDYRFPG
965;KZC14E;Christie Rose;THHKO1TVP1;24RZ6FJLJ7
966;8BOSHS;Hope Leblanc;48UM4JZTRBBKEN;69I0D7EQ74
967;6YZEQJ;Robert Wagner;PCTXSONYB7O1;T953VP3XTL
968;IHL61G;Margarita Chapman;JHSA5AM0;EALOE4ESKH
969;9VJQ9U;Trevor Whitaker;PANAR98HW3;H16UCLJ0Y9
970;JMMDRZ;Donnell Vasquez;DBH2R8;ZBHT3JUILE
971;9EV1CG;Dexter Burke;GAIEGI899J1;1U7FPTABFK
972;OEYC1Y;Traci Dickerson;31A3MIAIXEQ;ES4W0CIESM
973;HQV2XB;Ernesto Keith;BK5D70Q;WBA6K1UX2V
974;G428Y3;Tamika Cross;WU5Q3AU52H;5ZBNXVQQNU
975;BD1ZKZ;Katie Ayers;PGHZU2;CWOP6II07L
976;3Q4O0B;Roberta Melendez;UJHQJ2JN3VDU1;6YW4I89GHH
977;GLD8W2;Abel Bryan;TII9WJ0BO4GFE;DN5KDEMO2Z
978;VQATNA;Jacob Dillon;ETKAB05616A27F6;XYDIVUBF1O
979;9TTEC8;Stefanie Roth;S7GQWY;FSCQTDHG6C
980;0XDGZT;Elena Schneider;QYI6JV;LI1JL53DIJ
981;0REX0E;Angie Burton;A4OI99A2J13M;50XQ0CE42G
982;JOZ21L;Jess Knight;CYUCL4PC8YN;Y7C7NL86LT
983;MQ5XOE;Edward Norris;FVUCSTMBNW6DO5;HDUGB96CN5
984;XAAO28;Allan Keith;OPNFN9;PNBS2D421A
985;NZRW9N;Trisha Carter;MS35LE51150;JJU7DHH5BY
986;ZWWMWT;Krystal Fletcher;UEGQR8GATFSG;GJKVJ05YQS
987;4TBBNW;Rodolfo Ortiz;G71MLJ0VY;3IOVUJU2JR
988;67IAEK;Otis Logan;28M776MU0DBBI;HUBM4VOUIU
989;H39Y5K;Wesley Carpenter;YW66YN6ZMH574;S6S86U3W3K
990;P85SXK;Grace Maxwell;GL0HV5EI409;MGCJHNYA9E
991;U9BSL3;Monique Mc Carthy;6LR3D4PSNOCUWA;12PKXWA9V9
992;GZCFB1;Roberta Cooke;2L52018EEDTFCUG;5PH3MC0YMO
993;S9MU2S;Andres Jensen;6WUHL7J4;97U9LD1V8K
994;SNNQ9V;Timothy Colon;HBQR85LK2BXZY83;N5QILW7LUO
995;L5JPCR;Ann Ayers;NULL;KBM1E0L9BS
996;Y6ITHA;Cameron Arroyo;6DQJPC;7SIQNBX701
997;4WJUIE;Alissa Chung;7X6X2T;M1CC3R4R0U
998;YJXVR4;Alana Douglas;U202JPHM578;ANJMJY09Y8
999;LN1B8E;Carlton Bell;9IJS8OR;7XX0U8VOMN
1000;TTQYA4;Floyd Conner;EUSKB4DJU2;2OLO2XU5KR
1001;241LIH;Austin Stokes;IRLGUYWPDHK7I;0IU70RY6Q3
1002;R4WQGI;Tammi Horne;U2FO5X9BA309;VUEF3WVVB7
1003;MLULMA;Evan Kelley;QECYS3ZP3O2;CLV1UW3FSO
1004;IHH9W6;Lakeisha Lara;TCZD1UN98;KWF5N84QGW
1005;2TV892;Alisa Juarez;2YUO4Y6GHGL;SSR9MUXAPF
1006;EW99MD;Mindy Scott;5B1JR4JLRE;H59CZW12BA
1007;J4LRV7;Carl Butler;0BLAY99CZ7AC;W9I0X8MQLQ
1008;NULL;Sean Simon;33Y0JM7L2A7N;IS2AK99HIY
1009;8WDNUH;Wendell Tran;I2JQMPNKUCJO;5E9WB97ODL
1010;MJCMBC;Gabriela Lam;684MAUZNFN5I2;7VHRMWONYT
1011;B1I7FQ;Jose Graves;7SX0DMLR6T8KKO;VNG9OBSTTS
1012;PKC0XH;Timmy Mcfarland;9QECAFY;C43Q1XDJWD
1013;CWH0Z5;Jonathan Stanley;G0COO2FD8KL;YL6STMDSU0
1014;XHKEKD;Juan Hurley;SXC52MF1BDQ;GJMF2KVWKR
1015;CXMA15;Todd Yu;AU6WR6SO8AG01;LJDOWUR9FX
1016;32JGHY;Levi Lucas;XORF00;UOV2WI5G0X
1017;B1MX0J;Alfredo Young;70CE99;LNJ4LUTN0S
1018;NUMC7U;Barry Barajas;0X6392DTW;7ZNF4QI0LL
1019;JXTUCF;Susana Andrade;M1RW8HGB45;5OYK0OCR4R
1020;MPPWCR;Damion Ingram;R9VCPA3U;ZXP4R9XFRW
1021;TYJH6B;Carlos Wilkerson;HHW4OA4;MGVFGEEYZC
1022;GXHKTH;Kimberley Shah;QZJ3R8TZ82YI;SHV61U5A9O
1023;20YTAU;Randal Baird;354Y9OA;D0PPZY935T
1024;4QL4I5;Jennifer Maddox;KRAZ2145;M2HOK7YC5R
1025;CX1NS1;Charity Clark;8YD3K4LLZ;Y578L72AGN
1026;W2U0JS;Gabriela Finley;2DG75CYECR6EMUL;42UPQEFOW6
1027;ZBAJYO;Monique Lucero;793P7OTMU05SI0;WVTOC9XCWI
1028;OQ22WP;Andrea Carrillo;CAN8E3K5N3;W2KIQD11UC
1029;7YDO5W;Maribel Martinez;RDGTCJHEX;SYFTVHKWGV
1030;0GW0GU;Derrick Doyle;H9SDJUC465VC;Q8CFXUTC4Q
1031;X4TQ1G;Manuel Schultz;U4YL72M4GLLXG;D5S58N2NVC
1032;EBLKH5;Jennifer Morton;0OMA426U0UUU97;N2V8JEGR01
1033;6ZLVC5;Melissa Thomas;GXRE4MODX9BA81O;MBB5BF77I8
1034;4GBEWZ;Jana Forbes;G2OCGKVQA2Z44;HK90P8WUT0
1035;VDIIUD;Bernard Arias;CTF3ZNTI;VK9KOBEWCQ
1036;M8BV8J;Erik Collins;JCAO1TRYTCME;IJHU2CMFNT
1037;NS4OQG;Armando Murray;KVJW2142;6LAYIP7V57
1038;HB53OI;Philip Norton;K96XIV410;NFQWQRWSLV
1039;NHC5H5;Jarrod Skinner;YR5Z5VTWI46;72PJV6K7ED
1040;X31MSW;Gabrielle Burns;HCK8JK3K;9EN9PSPOHK
1041;Q903MV;Brendan Wise;D9WS1I3B;NW136LVJU7
1042;O7Q5I4;Jocelyn Beard;TRB8F0F;FE89YU1AYT
1043;1CE6UX;Holly Roberson;D084LXG;J6B8H133XE
1044;RZQRDA;Cornelius Valencia;SUC9BJXF;5ETHR0ZCUI
1045;O21YJA;Patricia Guzman;LH874DQLM;IZ91GUVN6M
1046;15Z1NC;Glen Carey;EG8WKTO73BNRB;5CVSX4UFRA
1047;AMZY04;Marsha Cherry;09OR2J9UVMU;99UFG20AMZ
1048;QNGXZL;Ronnie Mccann;6N9NIIZN2B;MOCZGK9797
1049;AAC8KR;Casey Baxter;XSFNCT4YT6;X9GMY2VHER
1050;4O6YUN;Bobbi Aguirre;7UPZJ30;5Q061DSMW0
1051;7E47LZ;Perry Potts;KM11N0XGS5;6Q6GXO96J1
1052;DQSD6T;Hector Leonard;ODOQQYMW;QBKYU4YF4K
1053;FK1KOS;Dean Hess;0RN1CD;1JLZ9JVEMB
1054;VNT2KY;Tina Ramsey;EXJZWMIQXVR;O3QFI46887
1055;XTZ6GW;Lester Herring;NEDBT1IF;Z0OL2JOOGV
1056;9CPDLH;Ann Fuentes;4Y0X63JSY0;XPNUYFQA5E
1057;JJVEY1;Caroline Wiley;9KJI96W1V;6MH8ELT8WC
1058;45E5V8;Latisha Navarro;SV7U9I;GJLBNGCQXV
1059;RB500B;Shari Hicks;GU0UYW9ZJ;Z51SO6RIX2
1060;XT6PXF;Bridget Miranda;PJYXYU1I2VU2N4G;5T13U53U7Z
1061;8B73AU;Carmen Blanchard;LB3S3XLWC4;X848NR9YFH
1062;3XNLXG;Elizabeth Castro;VAN9JP46IXZU05B;JMC6MWNHEF
1063;NL0LN6;Jeffrey Santos;MSE6VDFBYWQYRY;BES9JM7M2N
1064;1KDK6H;Latoya Andersen;LTU68EMBCJXYMLG;N7TOGJZ8ZN
1065;QOP1LJ;Grace Heath;NRQY4YX5HVCBMZ5;6AERNJ77PL
1066;T62KE1;Andres Carson;KVE16Y2S0G2;YWPFD8NQSE
1067;DHE3UN;Aisha Hardin;XETQHU361;VZ5DXF4H5F
1068;86499O;Demond Russo;XNVOPC;N8IVSYOFVX
1069;RTI4DP;Oliver Manning;BPCDIER6FWOOYYN;Q8WY05RL8U
1070;9YKBXX;Brooke Conrad;A822LTS;UFFMALR28G
1071;EX085U;Trisha Manning;YDKXR5H;N8HXIGO2DI
1072;2YHCTC;Shirley Benjamin;QPORP9E01J1XF;S8WGZFYQJ7
1073;IKRBUN;Olga Fletcher;319RLGMAGH;DD3F6O3OSP
1074;DKG1BA;Peggy Willis;HF5TTF;9LNG3MAX6H
1075;IUSWPF;Melissa Watkins;EEY89W60T202R;HM6QTLC4IW
1076;8304TJ;Kate Mosley;GGAJNZK;7V4U2A0ZOQ
1077;V0SJCV;NULL;NG96U8U9783SJ0J;6ZASJBCFM0
1078;ESZ29S;Sonya Quinn;RDLKMJ9;MWG8GUHCO7
1079;DK7TKJ;Kathleen Farrell;P10ZU96GPCRI;YESC9J0X7S
1080;4PF4XO;Angel Rios;21X6KV;TF7F120R29
1081;GQ714D;Lance Hester;YZAFWFS9;787DUU5HC1
1082;JOIYFC;Darnell Clark;ZE37VHT8UEX1;G0WZ62SFPT
1083;1SUFMS;Heidi Walls;3791VOCOE;L2010SFCW4
1084;JTB904;Brandon Whitehead;OGFQRK2FHW2PXNA;P6K4VP5RPF
1085;BCEF6H;Jacquelyn Kidd;L8PB5YRAW36VJ3X;CZ7I1VXZMJ
1086;1S15FJ;Olga May;KCEQFQ2N;1N5CSTD104
1087;VPV46F;Bernard Jimenez;ZF4LD9LQ;ZBQF272AY3
1088;WKOAVE;Devin Campos;23Y3WQP5;LP1UIQKEWI
1089;XWR39Q;Claudia Valentine;ND7VEYD;95WZJWCEOE
1090;B3I8U7;Daniel Potter;L8KOU62I6IMPIU;10WSMTQXCL
1091;0T9791;Janet Poole;4R0UQGGO0;A1FBYBMHM8
1092;3G4TOO;Brad Mayo;XE9K41678OC54;11LJ2N5XKF
1093;RP4B30;Trent Barrett;XWKQ73FATS34D;QO0XP4QOZ5
1094;W916SL;Sherry Werner;MO5KKDXRSY2HFH;WUUK7X0S6S
1095;LCWC82;Fred Love;69YMSWUWPHWVM;NULL
1096;RE3LC9;Hector Hughes;HHZN1LKISL;7YU63Q2RE0
1097;GNAK1T;Karla Barron;A54MOPNX;YBQA0LHQX8
1098;EEXR6W;Trina Serrano;MI4HK7SSF2NIB6A;P4QOIG8XS8
1099;J81HG3;Rogelio Monroe;2TEWPNHDWIQ;3G13J1ZM8Q
1100;48HFMI;Michael Manning;91R9XLYY;0WJTWWFAFV
1101;A1PRRA;Mark Dean;I2TTS3PX8YZT;J9PGE8MJH8
1102;MRLQR0;Marcos Boyle;MW91BZ1RL2H2ID;E7A9X2FQBZ
1103;XZK26S;Samuel Pruitt;EKQ7B3JQK2WJ;D4T5OJBIHT
1104;624V5B;Kurt Matthews;FNJQW4FV;PWSE2MRZP9
1105;FT5FBJ;Devon Lee;WAYXMX;CICJNZCUOJ
1106;C8ZFMO;Dexter Saunders;CRAPDJN8SH125OY;MVKN9J27ZQ
1107;GFQO3A;Rebekah Freeman;F9BXJQ5EYGE;QHDGIZTZBA
1108;9WDGPR;Alonzo Moses;F8EHLQ7AM;ASBT5VB5N4
1109;YKVMY3;Marco Cummings;EVZAYF2;AAWTFD8XH9
1110;XGBGH4;Jonathan Randall;QAXVJOAZGMMW;HRU56GC1P7
1111;QLMJ4A;Shauna Santos;X4ZTJ2KG;XKSCGD7VU3
1112;ME6215;Elias Goodwin;HNRLUGX9RQB;M63JPKFRES
1113;XRYLRZ;Rodney Sheppard;P3QKPQ7L9;YAJY0OVSLE
1114;N3TNKQ;Carlos Sexton;OQ3GQ0HECI;6CC13WUPLF
1115;ZF8L6K;Alfred Crawford;BT93XTU;R5N2NRSLYT
1116;BQWLHD;Cameron Holland;7UVK57098UCCV4W;JLHSHDJ01H
1117;6PKWY1;Leroy Burton;1IEPXS;PZQ7NHIWO7
1118;OCUP47;Tim Braun;ETQEAGGRXDJ2;PJEBY130ZF
1119;HTVKK6;Frank O'Neal;S6Y8PQ8J;VSQJAFH6KE
1120;YYGVLN;Aimee Aguilar;506XA2;FFNBF3A224
1121;110AL1;Becky Sanchez;F44EHHQETQS;KWXE5FHX1I
1122;E9RMPI;Jim Richardson;3FZB156U;M4XG363EIM
1123;NULL;Micah Ramirez;5Z6KTEOP8C;Y4YOMLZPWD
1124;2DW1DE;Anitra Andersen;DBI8FO8BGJFZYF;S8ULW92ONC
1125;W00W7O;NULL;K6O4R47V95X;ITJDZZ3ZNL
1126;R41CDE;Lesley Freeman;O22OKDM;ZXTFHSWXBL
1127;BUFJ5L;Edgar Watson;RXRWDXUE0PZ;NCPMIAUCTZ
1128;K4YVNC;Becky Fritz;4DUI13L16G82H;QL448MZMXP
1129;KJU79S;Darrin Swanson;K8EUVLB;B8WSHR9SP1
1130;0ZDEC9;Leonardo Black;PMESQUATUK5OQB8;Z67OCHT5BS
1131;5P9B4N;Tisha Joseph;NGSL8APOEK;R77ACJAXPN
1132;JGI8TQ;Susana Parker;L06UEX3N738D;A0HPPS221A
1133;V21JCB;Jeanine Bernard;RDMNWS38;2MYXK9ISSE
1134;K754MI;Jesse Walsh;U6ESPSEXQD6GOSN;TGPL6EQIRB
1135;V14SBG;Cari Vance;RQMN0GF3;6V67MS028Q
1136;FPJJO5;Dawn Powell;UVO1RLG4L6ZGL8B;K4LCFY0FWV
1137;3CZF1S;Jenna Ellison;ACV6A2KYX52GL;P6004MNCJJ
1138;WCV0YF;Rickey Bernard;DRARUWPWYRPC2LO;3F2RDNPSP5
1139;I37I5H;Sheryl Burnett;6IBDP4JXRRBQ3;NVL0UZRHBF
1140;EDFHAW;Trevor Greer;J0JKT75UD;R6Z6MOEFW6
1141;DHZO65;Willie Mc Cormick;KED3GYZY9NY;P159NLDP36
1142;V6OKQ5;Yvonne Wheeler;57A97CZ3LY;UJ4F3SOK17
1143;P9SD0U;Audra Martinez;C7PTHSG;ZNVR701D99
1144;LB1JND;Alyssa Faulkner;C5WTBQGHTRCGFN;Z6JUKB64LB
1145;YJYRVO;Melody Vaughn;UBAKZSU9TLL1VQ4;IBF17KMRC4
1146;VVBSA3;Byron Luna;6TJMD8EYIRV;91HDVDCOPW
1147;XJXECP;Ethan Everett;B9IDO7UI78GBIV;6KYV97CEXL
1148;3M492K;Dominick Klein;7QOKQO95NW1MMWB;25JC5TGRIW
1149;5X4ISS;Nichole Tate;8XNYJ37COVMAYC8;JWHD6FSRXL
1150;MPSVGF;Gilbert Rivera;I468U65H13UHNK;J5U3CBEEX7
1151;EGKQQ9;Pete Decker;LV67EUXJ4IBVU;6ZCTJ8J7YE
1152;R34BOY;Bradford Waters;Z6ANX4HP371R6XF;N11DV0WM5O
1153;XUHS4R;Gabriela Velasquez;QP4N1FR4TALL2;1MEH1G5C3Z
1154;X6AHAQ;Ann Mckinney;IBAG2WJT;PQI1DWJ8PN
1155;U5JV9V;Jon Cline;FRVRZ6MN;GIT2YFEIB2
1156;5JJBA3;Jenna Dominguez;3VRMR7;OXQF1621LA
1157;T063U1;Rochelle Diaz;KF6TNJWNEPQGQUI;BCBVUNZ2XY
1158;VA2CO4;Jeremy Mc Millan;XZOV5NSY;F5WOZIPYLO
1159;9A8FID;Garrett Neal;MLH6XWJ3FHHDZ;J2KAXUD5N2
1160;YKGE25;Jim Nguyen;VV8DAF5X5K6UM2B;C6HR3LQI85
1161;AXHTNB;Susan Dixon;WM7M0YE;UHKID6KCMO
1162;63DGPM;Hector Mc Mahon;GT6DAD1BXWT;1T8AJP5PRA
1163;UHJLR9;Joni Jones;W9II1OGW039HRKK;4TP68E383F
1164;9BVSQG;Loren Gomez;5C1XGSX;NULL
1165;FQPSWX;Serena Bates;9SNRJUWP9BY;B82QFH6KBG
1166;CKI0TD;Chad Brennan;4PLCIHFDJ;X5OIS21DJD
1167;6UZSQZ;Shari Contreras;MQS56KVVJ;2DRT7Y58EL
1168;3XTBWV;Philip Baker;C0891OD66K8GLX;WH07SANJ6Z
1169;ML1WV8;Sheldon Guerrero;GRPEZCJX;HVKIQM17PV
1170;DONSOD;Rickey Foley;5WZEOBUDRU;E5PZLA7F21
1171;W0KXVS;Micheal Preston;3GCBU487ZG64U;X87HK9QP07
1172;GWZZHQ;Karl Dixon;PT5GKRT3O34O;RWV9O8J67V
1173;SVH02K;Gavin Gomez;IUPUOR;62UITODBRW
1174;ZH4Y4C;Joy Brewer;N0FEKU3CY;GYCB81SG0V
1175;5B02LN;Rolando Abbott;ZS5ZYIOW72H0S8;HES3CLZVWU
1176;X9D02X;Caroline Jennings;65QD9LHC7QPERW;S24N1F1BOF
1177;P1WDHE;Fredrick Kaufman;NH4J3BJZ;HGWXDZIDQV
1178;T6SLTR;Kathryn Benjamin;B0YGO5N767;MLGQQCSBW0
1179;IGZRGA;Howard Gray;PDYOJHFX993X;A696LZDEO6
1180;KZXV34;Mickey Huff;HF0V85VN6618M1O;FXC6F7ZCI4
1181;M300MK;Gordon Hawkins;2H8KI0AIF0LWLPA;IGJ6BPPJCJ
1182;G7KMX8;Trina Mc Donald;3YZ95SY1BRI6X;25QN7EJ0B6
1183;57HRWA;Jon Bishop;WGRV6RVCHH4;I5IDJXKCJH
1184;TE8MNV;Sylvia Strong;G8JZ1GWT4O1;ZOTNENOP5T
1185;2ZIE9P;Dexter Cardenas;WAI68RH3LZ3;DU6GR0LTHS
1186;2RL66N;Matthew Fleming;4PJICRGI4NBQHC;EYDNX5RZ00
1187;8E4I2Y;Marcella Frazier;2A3B7FCZ;S62TJZVCM1
1188;RF47UH;Max Snyder;9O3QZ0W;XRO735JQPZ
1189;PRDYO4;Demond Mc Daniel;5EUBXDHD8JA;V9V9QPIY5S
1190;828NI6;Corey Willis;YSPV1FTHNVQSQ;T20DYGLY55
1191;FVKPMC;Henry Floyd;9NNPI3QUL;30LZQ2MF9A
1192;Z44LXQ;Micah Glass;ID4WMYYV1QXGZ8P;9ASXA95UOV
1193;JD7F8D;Whitney Hanna;7FT9N2LA3U;CXM7P625RU
1194;078IIO;Kevin Savage;NULL;S5VNRZFBQI
1195;CVUJSC;Jeanine Ibarra;J06I47LD;9SPL06BSBH
1196;KJH748;Candy Lara;AWVPXUQZQ;LNNCJCFC4I
1197;M9DRE3;Phillip Powell;NF0YWB1;WHM2MI6EC5
1198;O18ASP;Bobbi Flowers;FGRUTR8FUV8S;2NTH36WTZI
1199;OC74OK;Evan Padilla;EU09AJ4CTBLKA;LK70EF3WDE
1200;9925DZ;Angie Johnston;AJ2A62U5XWG34G;KV7ZYKTLX5
1201;UP734N;Bobbie Salas;0VRXJ9KZPLR;MKZJ199GAJ
1202;XUQ4KB;Wendi Mckee;0M459J;2W2VM4QBGR
1203;UL8ZNW;Rafael Hines;YWSL1QE8X4;B3Y947B0DL
1204;6A3GO3;Henry Armstrong;7FNUTGUN;JXM0VETMW4
1205;ZAM04O;Alexandra Ross;XPJCOE5U;DTBX2YPVMO
1206;B17O11;Jarrod Stark;SQ7JJIK79P;29WKS414A6
1207;HG038Y;Ana Downs;41NUXEB95TOBMS;CD48L8CHTU
1208;OT5Q33;Jim Gregory;8CFWMKJO4;4Q4Y74DAIZ
1209;F4MFJ0;Julius George;LNW49L65GLW1;8VD4AMPLSU
1210;K34GNU;Isabel Short;F92WPQ4EK;SHYSUCGI5U
1211;K1BLU5;Ruth Snyder;XA8RC2ML;M46GTXWRZO
1212;T3DG4Z;Bethany Mccarty;JGBQF4V7H656;C59VHYQR82
1213;HH90K5;Jeremy Kerr;7N0NJNUY;3XNZEA1TZT
1214;WK8I0S;Dante Boone;Z0WYU1;S98YTSSO1U
1215;DWML4V;Deborah Herman;T2T0JH8;64TJYUHSDM
1216;SU58YZ;Perry Dominguez;JNSTIN8FK73KRP;018TUILP5O
1217;09ZF1M;Lorie Stone;ZQEKGBTH9U;6DZNJ5XZK1
1218;MUF2OM;Telly Cooke;N4B66PEW3WU0;QRI6VC6C7G
1219;H23UCQ;Alison Simmons;CQLCRRG13JU;E86P0YA2BO
1220;7QVZ38;Staci Ramos;5XSSP6JY4Z43D;EYGJBBCUD1
1221;M4SM5A;Brady Cantrell;D6VLL4PY8PQHPHD;9BGANM9JTH
1222;A82Z6U;Christa Holder;JKHW1RM4EQB1;NYRGT4ZPHQ
1223;17IF8F;Patrice Perkins;CMIYQDA6IXPK;1DKQB0VZC2
1224;R1EL84;Tammi Fox;P227G1LRGKLHZM;1ZV9PANSRU
1225;J4FXED;Mickey Lamb;R7UTNNV37I;2BHSUH7UOJ
1226;PNFIBR;Dustin Maxwell;3361MR;693QWB9NU4
1227;U0U6WQ;Randolph Cunningham;U1K16A9GJW2W;5WRLKFO2PY
1228;JCJVSE;Ruby Washington;RRQFA2WWIUY;UB89J6DSID
1229;2E0X62;Tammie Ashley;OIXHLEX;FSL6YECJ30
1230;3M1SGQ;Kerrie Camacho;44LZP0K;T5K09XR5MU
1231;J3XWN4;Latasha Morris;73Z1B17CCR;YFRHMS3A2M
1232;1JFCEO;Jayson Huber;JVGC7L7I;7HYZDHAQ5U
1233;SW2LZ5;Marissa Cisneros;CZYH42CM;QI3PIWG0CR
1234;8FL5PF;Jesus Wilcox;RPAHDPEUXINBK5;RU6EGRKGTY
1235;DTEFZT;Mary Bray;NDYOSDD;XY21AJAVWP
1236;8MY49W;Bridgette Little;IT675IW9PK;RO9EX96T29
1237;ULKRDR;Jack Buchanan;K1F2IRXCNOUGRT;3P4SZ0I5O1
1238;QZ6HKP;Leroy Hart;TR3NTRD7SO6H9C1;9K4MGMWPGU
1239;NBQYP7;Jolene Blackwell;YQDKS7BGXV0PT;Z2H41UAAZW
1240;Q0XEV0;Lashonda Mckinney;NULL;TUDXHKADQ0
1241;93GP9L;Heath Hall;CFE2O451Q;IEPABSKWCT
1242;T1EBNF;Kris Mc Knight;6UNDBAO0MEW;PQ1AUZNVE1
1243;T7XF4O;Elena Smith;E9ALGNQY;2RA9J4CF34
1244;B76KOD;Tracey Fitzgerald;OD5CQ26N;7J3FRJHQ2J
1245;KNCIQR;NULL;4WZYDY;K4MV6PAPUM
1246;VQRB3W;Gilberto Villa;X4N703FQM1;6CX029FKXQ
1247;ACM1S0;Damian Sanford;R2OIASOIHI1K7H;CIH7F74DOY
1248;SZZQBY;Darcy Reilly;PA0QGVC1II3R;O65MOYN4D9
1249;V94K89;George Pierce;KYEQPXFK;HCRHRH8AIM
1250;D1TXN6;Sheila Herrera;ML79VH2WJGQND;FS4DZ93KHY
1251;H640RQ;Ethan Camacho;QVL9F15Z71XXI3;ENQVFLHWSC
1252;UKJVD7;Jesse Williamson;V92SHOEJ6ZUY;L15GXGN5DF
1253;NDRESI;Cari Oliver;YN137TNU4N;1RCIAZE0TS
1254;GMQVNK;Heath Bray;J2ME5B;QX4QW1NTMT
1255;BS34TZ;Fernando Guerrero;YYLO6O;K738IBMXBK
1256;TVQJ7X;Debbie Schmitt;WGCBEAK;9MZIXAHISJ
1257;OLOU2H;Joyce Vega;K0J0UQPGGQL28E1;SA7C7KLIJS
1258;O1IVOX;Benny Michael;DU2W0Z;P65E2G2EVG
1259;JD5464;Guillermo Berry;GC8ADBJPDEGIL;EOIRD3CB41
1260;RFQK8G;Theodore Bartlett;5H68I5X;HES1642BT0
1261;I1UKKY;Holly Camacho;LMIECXK7N1;XWSDI81FDN
1262;110L36;Cherie Middleton;Q3NLGB4X07;KWIUF6I67O
1263;RL941A;Brendan Carlson;SVG58CWNI;XOQM09XBKM
1264;HKF1SH;Latisha Snow;CVRMSYZ;VQLY0L3AON
1265;5XAT0V;Damion Adams;56REYURIWQ;VUVICOVTNS
1266;0NA3Y9;Marlon Hamilton;D8XDYU;NZ4MW7RI22
1267;B5J2YV;Sarah Whitney;Y6P7B0JQE;D0R8H6X2XZ
1268;UHF66K;Katrina Buckley;VZOD5BV1WDXLE;STWQIX8GRZ
1269;HFISHU;Hugh Stafford;G5Q4LFHT;03MTDPWI6L
1270;4QR3AH;Glen Fox;50SVYUQV;WHVQ47PWLV
1271;XY020S;Gerald Melton;GJMW2J8W2C1GP;16BP5PU9MB
1272;FVZTLW;Rafael Santos;S0Q59F5ZQ26I;YZOLNS75FT
1273;GUMTB5;Charlotte Ferguson;CFW65IQ5V2J3;QWFVRT1QVE
1274;8SBHEK;Vernon Vance;VOC4RBFN0V8PHG;62FINJ7NWZ
1275;ESYOE9;Ricky Dixon;GSJQJ7WG56WYZ7X;WIV2IJWOFF
1276;IE45RU;Meredith Dyer;622JGM;0GEA9X17VG
1277;KJYVXM;Alexander Buchanan;BV2PCKOGN;FTM544OXRW
1278;V4AYC8;Angelina Mckee;OO2ITKZZ77XUCGF;Z0W0PBIU7Y
1279;6OKM7X;Myra Curtis;Y1NEWLT68UGIKWH;42Z4DA9MP4
1280;2147ND;Stephanie Cherry;8WBIUECI;B31FCER0HO
1281;FINJAG;Gary Oliver;J9FOHJM98MMT953;YGED88QP08
1282;9CMGYK;Leigh Dickerson;WAZ3HFA;BPK60RDO57
1283;NOP107;Lindsay Donovan;8MF5X9JP;NULL
1284;PJJKX1;Chris Gutierrez;BCBEIRBU8BAVVZ;PPTZ9Y337G
1285;HTNA8Q;Tammie Barron;8NX4CEL4;Y3IQZ11VZ3
1286;MMF2R1;Julia Brown;PFU3GB;NRBV6EZMTJ
1287;BY58DI;Douglas Cobb;2WOXSR;1ROK9ZRMX1
1288;CE5M5L;Devin Stephenson;EJO9840UCMO;WQGN9SCN97
1289;Z4ZDF5;Katina Duarte;9BFCQQ;N11NDSP3LM
1290;JY6QU2;Joni Lambert;DO2W8DXB7Y71Y;02R1FR14D5
1291;2AZ95F;Sherrie George;6JLO4C0XV38;GULFI47969
1292;KEBJJ2;Sherry Hunt;J2ONKY7KESBM;74NILMZWUG
1293;EIO24Q;Darcy Cherry;VBTTW5LQG2R;1PEW8DKL5U
1294;IGPCW5;Alfredo Olsen;NLD7FTY;NULL
1295;ZYIJFD;Constance Hodge;UUUMJD9UD;NK72Y9KVBG
1296;45DZ5B;Kris Gonzalez;E7Y88174ZYNN2ZW;AVNEW6F4GB
1297;PNTV2M;Jim Zhang;WCUCZYC;WTV1MWUOL4
1298;NULL;Manuel Mahoney;L1G69I;IG2BJNPCY5
1299;GINPBE;Thomas Mora;QCEOKVE;FFI8TGE50E
1300;UAW99L;Terrence Stafford;B0AU016SVQPH;4OD7XNO1MV
1301;FTZ3PU;Amy Henson;Z12FVZ;EC6BLMRF3D
1302;CA2ZF9;Bennie Mora;7K0VG2WBN;RDFID2DAF4
1303;SVGTJO;Kenneth Reyes;CYIZIBP4CXF9;6BDXBQ2OWI
1304;GUU4ZQ;Abigail Watson;GJ1ZQBB8O;Y162HVREKA
1305;VGQWQS;Jacquelyn Hudson;R5R0EDX;QWZRE9LOCF
1306;TUSDRT;Gavin Joseph;V4JDRYXHPDBJ17;X6VXNB0DFG
1307;7KPW4R;Myron Bowers;YKBF35;IEECBKHI0J
1308;FGFPW1;Irma Jordan;B2N1QU;6KHYKBS285
1309;Y4YQ30;Tia Schroeder;BAQETK42;L3Z7K8GD7V
1310;UC2OGH;Lorena Ho;S219MYX5UK6TF3X;VEKC2X06UE
1311;1OGSVE;Marcie Simon;ZVSGQP8;RZAGOQPKD8
1312;A48UY8;Crystal Blair;QD3K48MUWIID1VD;PSBC4091NC
1313;0A6UQB;Jodie Buchanan;5I66NXV6TJTP;OP3D78U12B
1314;PTNNSN;Sheryl Klein;LC2TYJ8UD0MX;SB0X3JQOMH
1315;8N7O92;Derick Costa;WXKKS3HFB7I1;5PR1QT0WSR
1316;SZX0NQ;Darryl Pacheco;SIWRLEXIB5G;GAKDBJGQB6
1317;0QV5S1;Dallas Horn;3C5IRHK9A1;A0ZC7XPBZP
1318;1WUP63;Alyssa Huynh;L8QQ7W;NULL
1319;UT42RV;Ramon Yates;4JSIQQXMF7ZUL;FKEL5I115I
1320;H05O51;Jeanette Horne;40PRCWJQ;BVPCP777W5
1321;B9T3L7;Tracey Norton;S5RKAI;QER2EM26HR
1322;2RI0LJ;Dorothy Blanchard;OQM11WR;NV0ZQDXOA0
1323;QDZ3Z2;Virgil Rivera;LFL52D9GF5;NP3MU7I4RT
1324;6SYVUL;Yolanda Strickland;71YU0PELZCZ;BTZT24FYY1
1325;QQGMZL;Neil Kerr;M3KI98JR8935XB;J8TBQHTA7V
1326;N0LLWN;Vicky Kirby;NKIPBETASPVL;UQ2ZRRVOC0
1327;1M15CV;Edgar Giles;MAR8M9Y1HUZ8;ZJ7ZWAT9C2
1328;M6L6ZA;Kari Maynard;E8XXTX;S6VSIH0AHL
1329;GU8QL6;Jerome Shelton;BQ1GNORTT;9Y8R3DO39O
1330;12EMXG;Debra Hansen;SEM74YIV;L9A4QKJHYJ
1331;CEH2E6;Tia Barajas;NDC6PJHEZK;ZYW4Y8EO1J
1332;6XPHPR;Kimberly Mccarty;UWXW0W8AKXH4;798Q47FK9S
1333;JUFZAJ;Alfredo Baird;P2LLPAAF2A9BY;XKMIEQFRZM
1334;5CUBGF;Rebekah Mc Gee;BX69R8GXWG;9ZAVZEGOLN
1335;JMJEEN;Nina Dyer;68P7AL58;820WZFC1DA
1336;S33K41;Robyn Roman;GNXVPPAXSMNK1C;U0BIFTN89J
1337;XJ8VE7;Ramona Mcintosh;DENQWS;X09G9714K7
1338;8YMNWW;Bridget Lowery;64VI2L8S;MCKIHQZFY9
1339;1NRYQ4;Herman Medina;33U2O0AK1;259KHYM0CD
1340;A63B4U;Adrienne Hudson;J59S44;J40NJ6409P
1341;QBF6IW;Gavin Glenn;SUVXFBB;BDZYXCW8UL
1342;TMG27I;Cecilia Stanton;GTZ7NOOZX;ZX46PQ2IJU
1343;OWRHQ2;Maribel Cooper;H798D33OY9;VTFIU7TBX0
1344;GCMDWO;Byron Garrison;WBRD6SDWR;2TWLJ1934J
1345;D5K9DP;Gretchen Hunter;RIE86BDE9;252JCHEXQ6
1346;M7GE0Y;Paige Chapman;5C8NXMK;6I5IEHPFIN
1347;1BVJLA;Erika Barnett;STRD22KH8TG;QUAA4608FP
1348;9CTDS0;Dion Bruce;A26VPOV;PQAFBVCW09
1349;ZSSL8K;Elton Bernard;6SQ9OEGJ24GK8W4;WMDF1MREP0
1350;GVSUSU;Justin Burke;XEFCNP;ME882D7WHQ
1351;PA3Q3I;Karin Atkins;JXDJ36CX8QKB03H;LSF7Z6T2MN
1352;1RUAD1;Paul Bautista;NL0F4DWNE;NXOWO5EH00
1353;TQVKP7;Kimberley Douglas;8YA8JC;84W72SZP3S
1354;EOSSER;Julian Benson;O6CBVDDP67T;H1LZTNKKME
1355;F2OTFK;Robin Prince;L4TFQRQNA;FRAK5O1I0Q
1356;1PNOIU;Esteban De Leon;61Q54X;0KABS413WJ
1357;1XBUJC;Misty Bates;M077UBX5DS7M;CGMBPBRWFE
1358;4W93ME;Yvonne Bowen;Y62YSTFJ;DP4WIMBNLR
1359;LBYPQV;Betsy Fuentes;GSP6PZAKQ9;211OIUGJIH
1360;O6HXGK;Jessie Solis;BJ6MGRTWACZ;0FUXUYQR4A
1361;18V7DP;Candice Holt;0K00ZSCBIU;T6L6WMES9Y
1362;RHXUFW;NULL;JEINLXUS2Y6DEZF;QEL90TWFVV
1363;5EQS69;Valerie Lucas;10J87H8OMP;3OP1KRCXTN
1364;DPZRYC;Marlene Mckinney;BSDXYG;18U2CYU5Q8
1365;QTW2RW;Nick Rich;N7X38YFKXLU;EOGCLYXVOE
1366;OEW9OX;Jeffrey Roy;M0J9ABYMU26U1;33XGU1MGC4
1367;U0UBYB;Orlando Reilly;NULL;FCDFXGXLQ5
1368;RR5ABB;Autumn Barajas;YJ0O08W;Q91L86D0YZ
1369;NULL;Meredith Landry;C8KXSK;X4R4V3SIAW
1370;IVGEDZ;Omar Allen;NKMUE3Y;F94Y50GX2O
1371;N1SO06;Aisha Mc Mahon;I3MZUML1;MCOF9TF2C5
1372;0TJHBL;Sonya Howard;2C0WJ8LLAOOBPCI;JE9OSKTT7V
1373;P5F00V;Lorenzo Saunders;T6HJ0MT0RHLD;ITRH90DJ1W
1374;1RSGKG;Chasity Kline;2BR7HUGKW3B18;YHEGGUZ37K
1375;IGVBXT;Victor Mosley;E9GSQ3L0F3H2GI;GPPPH7V39G
1376;Z2MX40;Ismael Ballard;42N7C8CX38H2TW3;2UUNSJEOS4
1377;XMSZP3;Nora Burnett;ISIEQAOUAN1VNP;AGR9B4ZT4N
1378;Q0DC41;April Walls;EXKR1OUVV2B;GD2RJJ5NXM
1379;A07FQB;Lara Galvan;K80R3CXZAX49;UFKMS2FOJR
1380;DN5DSC;Celeste Rangel;DSXO6G9;DF8Y7VQ4FC
1381;3T2WU7;Herbert Zuniga;T35941HOWMCE;1DGL0ZVJ47
1382;5ZGVCC;Sean Ewing;4M9WXJ;JMCPPCXEF4
1383;GHZSSK;Faith Kaiser;Q3HSAXOW;I0NJLB9XS7
1384;1FIDPA;Trina Harrington;6PL1YQ;DD6671GTZM
1385;YMMXQ2;Terrence Graham;VIZAFBDASUW95N;XWLLI6E71W
1386;7BGAUH;Melinda Daugherty;9XJOQMDY;SUGYHDK97E
1387;0RKEYQ;Jared Perry;DKRQXQDYDHEEY;39YIJ5VXM4
1388;66KZS1;Jacquelyn Huerta;AEQ60G0FR8DGO;S3RY0S3IK5
1389;DKI4XK;Elaine Casey;A0IHJRXUJN;0LCP8K28QF
1390;CUXL93;Calvin Duffy;1HYVN9EAO890;OSBMZN9C39
1391;5JIY3K;Kate Raymond;DI6YTICH2UO;52C7IDR6OT
1392;OXZQKM;Milton Bentley;YWU6BFV2SYY2;J8C6TWBUDE
1393;G1XY1M;Johnathan Harmon;3ZZ50A1024;FEYMDSG981
1394;RX6WXY;Duane Tran;LZ11AWZM9IPCJ3C;SG9C11PHJQ
1395;WNSOMO;Devin Gray;EXNEJ3EQ;L839TTC19V
1396;M21PH0;Billie Wade;CB2KMCVRSL;YMY9WZYQFK
1397;MIDDYE;Doris Mckay;ETRWZCT1DMG1;AGWWGV94VU
1398;TZM8HF;Bryon Rollins;HN3FQIIKA;WTPI4ZMW7S
1399;LC15MD;Gerald Kramer;YKW1M6TLQIZ;ZHMER4QJTB
1400;A71XXR;Rebecca Baker;K5QF6ADDXW9E;KYNDWDHR4Z
1401;YW9KM3;Margarita Schroeder;Z9G193R4CTC2A6U;IQ5JDVY3ID
1402;FSJZJR;Brent Hernandez;1PJN32XOAB;WGF9234DC1
1403;N5G49M;Becky O'Neill;7XK2AHYNWCJGF;Z8QVQ29FFN
1404;Q0JVMY;Priscilla Joseph;98CEDW4ISW6QQ;0ZW98QVKQS
1405;BCF0N3;Alison Ruiz;XCRRYV;B26YMBEMQN
1406;3DNVC9;Loren Obrien;6RQ1KCJX7H;DQWTI4WT3X
1407;KH62MO;Doris Fuentes;3FUUK9WF3O4OV;IGFDSVDISB
1408;1KTO5S;Toby Flynn;RZPKKRIKN2;EXNPSFY1SW
1409;WPPZ5R;Tyson Hinton;MDTJLKLEYNB;2M5CE8ROWP
1410;F4YVN8;Kendrick Young;2RIUIRV23UHTCT;QKPI9II88V
1411;SS9WCU;Sergio Mc Millan;NULL;1BZ5SBGV15
1412;ICS09P;Stephanie Lara;MPPJSSDYW3VI;RDT7GG5R3E
1413;RLCIBM;Jerrod Kaufman;JAXWFUNS2X0SS0;S630A6GIJO
1414;NYV7H2;Benny Hester;RVZ7R8YO84JC;GKTD9GF70N
1415;D87YG4;Deana Bautista;TLQM9SITX;1SCP2223HR
1416;RKRSX2;Greg Kirk;DI6KJSOQ0R;FJS2S1AFJL
1417;DWZV2T;Bobbi Wong;603OQVKLPSWIYZH;WX8D27OBVD
1418;ILDCLB;Ivan Dickson;EJZHKUBMOLNEVJ;B5AOL3EGG7
1419;UDPUS1;Anita Matthews;JKOMLNXIWX78;85AK6NEXL4
1420;4L1SL1;Chastity Bowers;H08K2MA6;1WEGOZVE5V
1421;1KPDJU;Bryant Crosby;9GCPH0576Q5FDXA;G7NS4G6134
1422;1WBF8F;Jessica Houston;WJG13KDMJ5OD;SO32I01XYS
1423;MTMUS4;Tracy Morris;C996JA7AV5XDORG;F3D95FFK11
1424;62Y408;Erik Hendrix;C32X863T5WP3Q5C;EO2XEJYQK0
1425;BY2HSP;Donovan Jacobs;R4THV8UM210D;84QCLGUD8X
1426;1NY1HU;James Cruz;NESWJ61MFU;MSJEVBRLI3
1427;HEFJM9;Alexandra Gates;5F0ML3JPTMLKXZ;J9F0KMHZ77
1428;RFYSW1;Marianne O'Neill;49FU66QAHHW67;OU9ISTYQNS
1429;IQ8JL2;Melanie Villarreal;APBAOB;C19DZONZYI
1430;Y8XGPE;Dante Richard;771YHAJX2UV;GKGXLW7W9P
1431;5NSBA5;Annette Everett;B2R6KN;T4O5CIYNRF
1432;NJLDYP;Harry Compton;F5I5OX;8WDQ6NTB88
1433;I4PVNL;Joe Holmes;QIW999NRW2EW;0EO2V72JRJ
1434;XPIWR1;Angelo Grant;V6DFM19VW;I85PTC41BQ
1435;6H3WVX;Cari Buchanan;JRMOWAP1D1;HCKJUPK3XH
1436;S5HMW6;Jacquelyn Erickson;J10SLLAJ6PROY3;I4AHANQL8O
1437;7N5MC6;Darryl Paul;S3IMNHTZDINLQ;ME5LHUG77X
1438;38K1S2;Trenton Cooke;601UJC5CM1G;SWCIBDCZOL
1439;XAFI35;Trevor Andrews;BQTR2N;WQ0EB1HAPH
1440;1IH3RX;Dewayne Morse;NHMIQDNP1M;1P5E97PMQA
1441;Z78RFN;Dwayne Aguirre;Y0J2ZOQUER4FG;XBE5SBD89Z
1442;2C9EV4;Cara Vasquez;6O536MGZ030;HHEK3IEPW8
1443;9IU3VD;Benny Meza;HAGWM4PC3F;8UMCW3591V
1444;V23S0D;Dwight Richards;9R4189SJ151;7SO0696XG8
1445;5OJL8P;Rick Rangel;OHMU0UZZF2;78NZO3770D
1446;0CACEJ;Teri Gutierrez;6FDI5ZQ4EQ9;V3JJFE930X
1447;X5371E;Mary Gaines;C1L8P8;M9MV3C4JYR
1448;ZM0WKV;Antoine Finley;YFGQSE09OI;OMEOXE12UU
1449;54YFAJ;Norman Summers;GZ7CXLUQNJB1MT;RXLGMUROC8
1450;OQTMEY;Jordan Ferguson;L9TFM9RV3YQ;8LEDT0U2HF
1451;6KQGUZ;Josephine Melton;L45Q1LAA9;1EW5RHU2X3
1452;WZLYYD;Derrick Lutz;Z3ZDZK1M;5IPAMPASAF
1453;1JONT0;Nora Walker;UXCSQG9WUP43;2ETAJL07RC
1454;7BX4ZY;Derek Armstrong;7W9LISAFBJ5V;3W6JH39TAA
1455;FALMGJ;Jean Burke;PG896THKWR8BE;3FVNID4RP4
1456;19FQV6;Cherie Kramer;RPGL5MMV33E28;FCIBGX81PB
1457;5DGB5Q;Suzanne Cannon;YID6XGQSNLIA;3ET3377IH5
1458;65YKXE;Mason Eaton;SB4093IIP;KBDEW3N2ZN
1459;9SBU1O;Joy Rush;Y09NUD4;UGU15MBK8K
1460;P0CHUC;Sherrie Chandler;3L5MDE1;BBHUFAXK7N
1461;98XYUL;Annette Hoffman;XKZ2V2U0TKY;4R7Y215EMB
1462;XHTU8M;Bradley Singh;4ZQT8NF6NSVFIPF;6JC821L6WW
1463;4M1J5U;Marcie Small;F6XQZV5X;DZ2X1ND5FG
1464;H4WUHR;Marcia Waller;NZV68U9E1R;RC3T7KAFUX
1465;D3TBEM;Rocky Lamb;UCDQYVQ5OJJ5N4;64XH77VY0Q
1466;W1M3SW;Mickey David;NM848TS9KN;DE7V4ZI1HW
1467;AIZS28;Hannah Cuevas;ZFYM1HYBU3;VSZ58T1VH1
1468;DAYPH6;Janice Mejia;7R340904;JTXZKG59GF
1469;413DUM;Angelica Osborne;81N6M6X;JYOMCFBWTG
1470;DZITZB;Betty Sherman;A13T3FVB62;NULL
1471;KFFDXH;Pedro Schaefer;27C9HVFG04;H94I1Z1X48
1472;LW1EIU;Olga Bender;J9GTBYR;LUDX5F2V7F
1473;TUMWG5;Karl Mccall;ZUJF0TZZ;B80GLHMKK8
1474;0IQX9Q;Lorena Mathis;C8SU6I1MWR6B7P;KCOU1E58JA
1475;IHZ3XC;Marilyn Bond;EGHUC9;EDU9E9VUX9
1476;VJCJPK;Deborah Bright;XKE2NIRBGIVB4S;8XVHLEKBJO
1477;42YBSK;Robert Ewing;ZDQF6F6LFS4N;9909ADOQZW
1478;5WXJ5H;Hope Schroeder;KB5NU8B8F3UIUKB;0UNMC2CPQA
1479;WPFNRA;Becky Figueroa;GVL42H43W;24RYJSRN8R
1480;F2ALI6;Chester Schaefer;OQZYAJVQQ5C8GVH;G3K85ZH57A
1481;BADQK8;Lara Morrow;J9WWCUVXZWIIZ36;AX1UZ1HYUX
1482;GRLH6C;Cody Lozano;QRJK8GTBN4T5A7E;77WIBUVYBN
1483;K1KRU8;Darius Chan;MYXV60QU;DEJ23WD7K3
1484;TWVYAG;Lesley Waters;2ZE0CQN;FTTXPTP59W
1485;ZNQAEM;Isaac Collins;BIPCWU;TVCBNNNA8Y
1486;MJSK9O;Oliver Maddox;FL880PMSHSV05AV;3JMAWXLLMC
1487;YT6KXQ;Sheri Baker;1OP6HFAB;FR3OE4285E
1488;0PTNXY;Hope Potter;67ZOPDQ3UFLR;NKOPS9QKAU
1489;DHSAS6;Jane Parks;U5F6W7GQHN;GQAAEWRKO9
1490;3U6RQI;Tameka Tyler;SNN7OK0AXUT;9FK8Z8I70S
1491;IS7LKK;Donna Herman;M3SF5WBV9Y;SW1M75BV22
1492;3PDDQU;Blake Cain;UJQBJ3UMOJ;MBCD3Q5GLQ
1493;XXNGOC;Mary Weaver;W1PIF9FBTN;AB85J9H12U
1494;2ZAHHX;Darrell Burch;NS33RAT6S6U4SOX;WXE9RPM8S7
1495;YZT77W;Jodi Khan;H6385Y27RPNG1;JT9VL5R2J7
1496;NULL;Sharon Frazier;Y4WUVX8FBJS;SLQE1M2D0Z
1497;XM1CEM;Glenda Villegas;QD1WWUI0X4Q;MEFZUZFUCX
1498;RFX1CI;Brian Blevins;UOQVC2ND5C7;ZRFVNOB90A
1499;XJA16P;Betty Bishop;8YSZ12VJ;35SIDNZ6F6
1500;TW42M0;Steven Moore;N8P5USTY1IU;O6VGLBSMOV
1501;PJ5IXG;Tommy Castro;HZ77C29WFCD6;YMZZ6YD1RZ
1502;BL3AQY;Kristian Arnold;OY1IYV97Z7G0;UA97BMRU5I
1503;KDF5EO;Theodore Mathis;I9TE4UDB;N280620HDM
1504;FI5073;Kim Mitchell;YLRPZLMZ;766JDH1SDF
1505;PXARL5;Taryn Skinner;UJT6URG2NL6H;4CK6EZ6UTP
1506;VRJF25;Christi Rose;R7MK0218;AYWQ5RB19M
1507;Y7RGQ4;Jana Pearson;SZWZGR9VNK;X230S89TC4
1508;JPX7C3;Alison Duke;WLHWCE;BYVF0O1AIS
1509;1ZHPCW;Armando Monroe;Y17R596TK2EKJY3;UV8MMC9HC5
1510;OTI5S8;Angelica Mccarty;QT9UBPTRXMHW;5FH3D7YL0D
1511;LVQCJF;Kenny Meadows;PQ8L036C0UMSM6;2MXUQRMZZ3
1512;BEKHYV;Jessica Mc Dowell;G201T9R23JQ87F;Q87S5LXJVS
1513;7CJ92R;Fred Hutchinson;JSANUC6;MSGXWBTCXR
1514;S1PP9Z;Chad Munoz;IUWZPZ;MTMPSLIUC5
1515;D8AXVK;Demetrius Alvarez;1OINAULF3;0O9WK1DNHH
1516;T7VSOT;Ben Cowan;YN42AU;Y04ESUB6N6
1517;LX8E0G;Cathy Stanton;W6BUIZ;XME6GTB10F
1518;GZWQGU;Brandy Herring;T94H7W913GH2;0SSO0QRY9A
1519;U0MAF6;Patrice Clarke;K4ZYC7RW;6ULKDTNI6I
1520;59J2A6;Judy Cannon;2W8ZX3IOR;MRMHDLJBFG
1521;5NGEY3;Darnell Barry;P6T0Q386MW;10CL4ULEOW
1522;4HB8IT;Loretta Juarez;OK74ER6DIB;LGJKVFIEI9
1523;9E7FP5;Lakisha Galvan;F47797Z6JEPYD;K601IC6EYV
1524;69H8MT;Ramiro Molina;Q49U304Z4D;6TL7ROSXST
1525;NOBQA2;Carlos Frost;1VIBBA87HQOS;J66YTP4T1Y
1526;BFCIRM;Harry Ellis;U06FD5YLTK;LF6L3B879Y
1527;JA2XC0;Joanne Richmond;NXIEA3G0U;P9QYONTLLH
1528;VCNK1F;NULL;7BGV73G;1MUUKJGA4U
1529;DZ6B9P;Ted Campos;WT2BP03T;G8616LHOKK
1530;T0I8RL;Loren Trevino;LYEQ7BVND;AGW7U1HZFD
1531;ZUWYJ7;Ruby Shea;UXEAOYOM;ZDJQ8QORZT
1532;ZEAASL;Simon Mathews;QK61IUXRL;STISMG83WW
1533;CN59MB;Seth Farley;7IBGEU2F4Z0K;GCDXCPET5E
1534;F66HW9;Darrin Mendez;TBMTIIDC1DE34;68SHGCQZSL
1535;AKOKEX;Alexandra Monroe;WWVAJAB69IG;WN2P1E0RBG
1536;HRMH7B;Tasha Costa;FMJJMN;XX7CBDZC5O
1537;KV1G4O;Marla Harmon;CDQW1F87Z64XD9;9M9Z40VCW4
1538;CCZ59Z;Earnest Holland;5I8PHAWN13D;PFQUNN0TD2
1539;OPGMYX;Shonda Young;3RSHQQXS16;UBVA31D0GF
1540;ULPENW;Jennifer Lee;UUA2BZ5L3P0G0BX;XEFF19ZWYJ
1541;WIRE0J;Joe Craig;UFPOSOX5G6OE7F;G7SMGQBCCB
1542;A51RL8;Christie Huynh;DYIEU68LNWI;5SX4UXTZWN
1543;7PF4XB;Wayne Colon;S2AR6TJ3CCI76;NHBE7MQTH3
1544;16V9EO;Colby Bond;5M4BQD;MVNIHLNP32
1545;9B2HSM;Dylan Preston;8MHIW20MU;09NIXF22ZN
1546;U8Q9GN;Lesley Dudley;R9E425FHKNC51GA;EKAA1IPMJT
1547;KEVDOR;Fred Mullen;W1LGC54MKGS9A;L52GCG8C6K
1548;WA9PK1;Ivan Sanford;IGH9QXRT;VH2RPOAQE4
1549;CW5MU5;Jeremiah Odonnell;HPT6QB2K07O5Z0D;2G376J40HJ
1550;UYASMH;Xavier Morgan;M5RKMC57;7NHFG3MTNG
1551;HPUHNE;Lena Hart;4VNRQDG;GOS7AS0BSF
1552;RZWPX2;Kelli Day;Y4RJZEAHVS1MMJ;O3MD49O762
1553;0SR7KK;Lee Wong;3J4S08G4JLD;XAF9A874KH
1554;BKNLIC;Tania Richard;GFSAU710VM;2ZEFY9CZ5R
1555;GKK2A9;Faith Howell;MQH3QK3L6LFJ8M;IZET2ZC5F9
1556;LE8XND;Arnold Schultz;GVI07YMTU2;1QIS0IR4OU
1557;W9XX3O;Javier Bullock;H7EKJKHDH1J5PKF;71MZPAFU7X
1558;6JL1WU;Stacie Noble;601VKN;FSFVG57RF1
1559;47W52R;Claude Abbott;R6HVE80XM0N2V;5XNX58U703
1560;FCMMSX;Darlene Hawkins;M1U2U5IXPSFRY;ARD73A1QK2
1561;DJAX6X;Kelley Oliver;ST6IUYNE1P2;EBPD51MXWE
1562;BQNENW;Melody Davila;G4W42HJSJY6TPI;0VOBS560ZW
1563;1Y0DF9;Edward Adams;UGPFM9K4;RHOH92XPPG
1564;7CRKM9;Brandie Chase;T48XK80;5JB7S2SL36
1565;XAAAQD;Carl Giles;ZPOE0LPY76VUMD;4QHIRIWJJ3
1566;0B4PXP;Wallace Everett;B8SXB9GV;UJ7OOSKZ6O
1567;H8REV1;Marisa Hull;NULL;WP5ZKC38DT
1568;DM8DOZ;Hilary Jackson;Z3AY9M8;HDYZQAFS5W
1569;6ICKOY;Krystal Morrow;X1T0TBTVZHF2;2ORZ4EZ140
1570;GC4XIH;Mario Ho;A6GBWPRBP;FTRDRXKGBP
1571;NWOHJN;Marilyn Combs;JTSEXAR;H2UQO29JEJ
1572;306Q82;Randi Johnston;LYKWLJSIW;VNG8L7P8BP
1573;N2W2EL;Mike Fletcher;2CS0T6;WY48CII7PL
1574;SR48RE;Nicolas Cummings;WUMCXG085;T6P5DQXRKL
1575;VMHDJC;Lee Farrell;60WWK8ST34EKW;NY4WJCCQ2D
1576;PKV4BG;Lynn Glover;ETR8C3I0MQ;45WMFPQ16T
1577;I5UFWU;Tamika Middleton;G4COHKNG9LHZ2H3;JUAIGUZBK4
1578;A7U3W8;Andre Vaughn;7P2ACY3Y3PRV2S6;UB53FZ5VZI
1579;5J8S9O;Staci Welch;6W34G5MKQ4NX;81J8RA81IF
1580;DPDPQT;Chastity Hodges;UPQ92B;GEAM1WIRRT
1581;H0X35Q;Karl Shannon;KGOI0DKSSSDG;DBLGC9RWBU
1582;LATVJ8;Tanisha Glenn;3S5DZK13HJ7;ML8Y73O3JM
1583;NULL;Monica Ochoa;619Z0MZHVUQ8;MUQTSX9C7R
1584;FM9M4W;Joshua Ashley;32LTRYR6I;SN8NAYY9M4
1585;1NC1RU;Ian Chandler;1KC9I97;SSOE2OF2NA
1586;GGQ51T;Daniel Wiggins;WG7UBATS6DZJ92W;2PQQIGTMYM
1587;6X0RIK;Kristian Mcintosh;VHGAQLF4;ITKQKTQ590
1588;8FXQGO;Darcy Marshall;78FNCH8NR;72Y5EVLX43
1589;332LWE;Jonathan Cameron;RE9QAZZ;ZLJWKFHFZ6
1590;DL1DV5;Danielle Phelps;D7YKZNKE;V9VUB4LCI0
1591;T2PHFQ;Alberto Farmer;SXBB02642E4TWRV;VHNRD2Y10I
1592;P8VMC0;Gretchen Mullins;84DMQ6ART2X;QTY7N9BNU0
1593;7EBB67;Fred Lowery;N9R2YGFQ;G7P9KJGBSK
1594;DOK4FE;Fernando Wade;IRC2M7LUYGG;7P19S1FGY5
1595;BZDMFE;Zachary Cole;3QI6RAMNKIY4HHT;2J1V4HC0V6
1596;D881XO;Arlene Benjamin;1VGB51QD1;V1G13HEKOQ
1597;U6ZKDM;Adrienne Donaldson;4YOXULHMJI;YL95DG98D2
1598;6P1PXS;Hugh Mckenzie;W76S3VZS7L5EZ;7567PEZYRP
1599;D4CZCG;Jodi Serrano;304X1045;FU0TRYX2DH
1600;9HZXME;Carlos Hahn;5OYNNCNUXBC5OA;UKFLZ3WRNS
1601;63A8IY;Otis Strickland;26QLUZYJO4;1UBVVSZLPY
1602;HLK1RL;Misty Long;KDPIH4Q0;C6F4KPBABP
1603;9BXHLY;Rebekah Bailey;447CFKR83MMEQKV;OBLR3FV201
1604;3V1K80;Ray Yang;AJB7749;QS6IV252RR
1605;OZNR8C;Jack Austin;WSA4FT8FOA;B896UI7FCG
1606;MRGFUY;Sophia Arroyo;XYD5A8QG1IC;O5093PKQNX
1607;JSYKU8;Melanie Bullock;SUN6KFS;JFMY2T959X
1608;52F1GU;Kelley Roberts;ZUOFN9M;30DIWKCULP
1609;78OAXW;Ismael Shaw;9E7QG5X;R40ILYGH14
1610;LW9J94;Candice Banks;WE1ZGO7;TOUKWFD677
1611;KH2QZ3;Glen Faulkner;JXI9RNNZVHF29YH;22ZWLSZDSC
1612;33ZDRK;Brooke Black;LX6NAMEMXRA6ESC;7NHXK7APRW
1613;X7QRIW;Morgan Randolph;NOWPRD1MR7UZ;G6PNCOXHEH
1614;IS4X12;Bernard Le;VMYW0EIH;O2XIPCNHOB
1615;VO1L4D;Karl Adkins;QWJVC0DGL3;2G63YU6WIF
1616;LDAGQJ;Rocky Fuentes;4FL1R88WKV2SEX;LMT7YGBGBX
1617;5OX5C9;Clifton Gillespie;5B9DETT2XZ6W009;2ZFZ2IX198
1618;OJRQ78;Kimberly Lucas;MRUKG0W4R5MX;538G8P2AIZ
1619;OXTX0L;Angelique Stewart;N44YAV177;IGBOIE7670
1620;EYRN7X;Norma Hall;ABCN2LC7V;SD7NYSOYG5
1621;UFARDA;Chandra Mendez;KG1KCL4E4L87V;FHPYI7LE0F
1622;47RPTA;Hector Simpson;AU1YP583F2K9;DGYOEZJU30
1623;4AUW5K;Heidi Mcintosh;CUJFYQN473KMPQ;SBU8LQ9MJJ
1624;GHJQYW;Denise Owen;2MG2GZD7J;L1TYJV0KTZ
1625;P5I5CB;Shelby Mccoy;IQ2G1YZ2HSK;HZRPADOFM2
1626;4GZUXO;Johnnie Blevins;6AH883RGB0;APD3AMU4EV
1627;P287A0;Lorenzo Costa;L1SLHT4ZNZ0F;TVWUGGNTI6
1628;OXR1DF;Marcy Walsh;KN64KJ;UUVGVGWX4W
1629;YR1FEM;Sarah Pollard;Y2GF6L8QAG22I;NR4KFLDPPK
1630;29KGZC;Demetrius Shaw;HE8CI9DTXL5U;Q5WSFX7SSJ
1631;TV17WC;Darryl Valentine;NLWMWSSFILD;4UJ8TQE7HR
1632;FAINVH;Tameka Goodman;VLEP6WYXN38;C75PV11FSG
1633;7R3ZVG;Phillip Escobar;R2AU55;NULL
1634;PXFJ16;Nina Davila;AB4K5DU;S3PJ20YPB3
1635;SOQBO8;Tisha Campos;APWZTUXNNZ4QP7;WN906RNBH3
1636;1PUH3N;Dana Lara;UJCYUU;VTPNP16QCQ
1637;GISI4C;Tom Lara;XACQ24R08BC;I2FJAND9RG
1638;IGH4WU;Kerry Pitts;N8Q4E3UF;EAHGUUASHZ
1639;XMNU63;Dallas Vega;V1F53F91T;I8VUFAWJKQ
1640;MRB786;Justin Duarte;0CSRMM3STVN;M47LMHZX8B
1641;18IRSN;Alexandra Good;SEZJO3FX;3EE597BGK8
1642;FM1XTS;Lisa Richards;ZFV28XK;0J7NG82C8V
1643;797RDQ;Wade Fields;OHZFWC;7ND898STKQ
1644;26MXKW;Irene Ballard;VG4HBA1JZ491;O4GF91P846
1645;RGAV6O;Shanda Patel;KR6MVJ0XXPDPJT;C3OEZ0QUV3
1646;7ZC37V;Tisha Figueroa;EOAV2LO8ZXMKYV;37RS1X3NRO
1647;ZMWCAB;Lamar Parks;YZWDEXB;UV270Z1N0R
1648;I4FUG1;Shana Berger;JDBFXRQSRHX4;8B9KV9S2PV
1649;2VT7QE;Isaac Ward;TDYKWI6P9Z21;P19OGZS4GF
1650;6R1M4U;Yolanda Freeman;QDT5F63BRIQ5QG8;S9SBRZRS83
1651;AUN6UM;Ethan Walters;U20QL4LXSIE4NA;9YFJH1UVOY
1652;KQKAKE;Sally Hebert;9EW0CZM2Q1Z2;R50XCI1UVB
1653;BU0QNH;Chandra Hogan;8F52XKE;ZJZRKHSAXM
1654;4JWGHT;Terence Patrick;1AFMRW;ISA8XIRAKQ
1655;VUP6HF;Jimmie Estrada;WRZNG4HRTGW5;3IMAUM9RD7
1656;AROLEW;Clint Mc Clure;0APM2QODCC63V;UZWJPHD3E1
1657;48W5ZF;Rebecca Maldonado;73GEK295Y2B;QN8N4KI3KQ
1658;NULL;Tabatha Barrera;RQNBL1E6V;NGH49M5158
1659;W1WGDT;Blake Yoder;LTJ17ZJF;LXABETAXGC
1660;BRPDS9;Evelyn Moses;KLNAOD2;0RZ26IO8AM
1661;VU43Y0;Chad Spence;2YUBNAGYXQ1R;6BG1K8QYDV
1662;2C48LN;Virginia Ramos;OOLGHMUIVALJ9R;Y2BCT6PTNA
1663;AZAHEX;Pamela Byrd;4GZYIQB80FXJ329;EFP56GNCXY
1664;TTP3M2;Shanna Fletcher;INOVW1T6Q8S7O;GQYVC817IY
1665;0Y8MMT;Stuart Thomas;SEJGUGQ28EDGK;6SXQTOHIGZ
1666;DS21ET;Isaac Park;K3RGL12VKV42NS7;UX0CF19B0X
1667;OR8S66;Gerardo Dixon;X3JRNJZN8TIGE;TLKEYUHRGR
1668;SEVDBP;Roberto Miles;IFHSMNHCMN6WT;09W8GMYUFH
1669;1EZCY2;Wendell Moss;CRTYUYG9X;KW1U0T0X7Y
1670;DWLYTP;Bryant Krause;D0347SJM;BZB5FQN1PJ
1671;68G045;Alejandro Brown;ADOLU6KSLHW;HWRF6LNC5I
1672;1GBFVY;Angelique Cervantes;QQCAGZKLG;N1OC3TNQJK
1673;JC8A38;Quincy Garrison;8IOFMJD;LXXXA786DS
1674;D2OFRR;Steven Chang;T4JFJAN6ZRA5UR;GE53KMFAUT
1675;VMTDG3;Cornelius Tanner;7NARTRTY11F55XF;YB9G3MUDY0
1676;6FD7KW;Quentin Garrison;1FHOS2B62N;2BUI9AF4Y5
1677;YNX23U;Robert Fox;ZSBA0GIHRCSJC;1KA7080B8P
1678;KDOPHL;Telly Campos;5HD35I8K78PD374;OZLNT3LCZU
1679;6RKCDT;Harvey Barnes;3P6HT6QQFONG;XCT82D4UQU
1680;UI2FVM;Leon Franklin;89W4NNKX3;DAO6WMLDMR
1681;WV2IBB;Karrie Blackburn;41FK2K;HNUWLHCIL5
1682;ERCOWH;Saul Hicks;DACG82DV7;ENXDR6N6EZ
1683;94NYIS;Taryn Drake;RNOGVS;WLAYM7ZRM8
1684;OSU72U;Simon Mc Guire;ZZT8GK;3U6E6RNI78
1685;5VN77G;Bryant Hudson;DZS1GDLN6S;OW18IUEPFC
1686;IL769D;Vicki Schneider;C46Z6I8FOSAE;QR9MNU4JTI
1687;Z7OGCV;Lynette Rivera;98HL3QEWQR2;JK26D0VJWR
1688;DEHDUD;Stephanie Duncan;ABFTC4GW5IOQZ;9WDXDO4CWS
1689;27B9GB;Willie Singleton;BZ0VS3K;84F4J3SDOE
1690;WPGP1M;Ty Cabrera;S7VZKGEELC4Q;7DG6CGETWG
1691;JGS8E8;Angel Terry;6TMCOTI;7HD8QHFEHM
1692;K6QQZJ;Marcos Miranda;QJRL9EEWVZZO;0BYR9GSQI2
1693;G5UC3G;Gena Yoder;J7XDK0;5P0G7CNX2V
1694;DVXS2I;Kelly Mc Donald;RWCM9X45DJ;4WXRBDAY9X
1695;I7RA8T;Jane Burke;9212N4DA1ZHQC5;IC47K7Y15Y
1696;YO4G4I;Jarrod Callahan;XNMOY3T0JT75CCA;4CN79A2QJJ
1697;1LIHSH;Mia Farmer;IBVPMXHJTZ9ZI;Z71UH5EGKT
1698;JMCY6B;Sheila Schultz;6ZH7ZHJPK0F1H;N6OBZSGZ0P
1699;KVFCQL;Cary Fernandez;GZ1XQQZEGFF05;4SK3330VIE
1700;ZYFQPW;Kristin Pugh;VZUTIAN7O4CSPTR;PCX6QPSNPD
1701;GPVYXX;Teri Wong;9KG83TX;ZOGIYAAAJI
1702;AEB90N;Lea Skinner;8R9RI1RZBGTK;NULL
1703;KEC2HO;Melanie Hebert;LJ6L8BXKY15NL5;V389E1AFPA
1704;TO4EXF;Tyson Lee;JXZ12IL;PHBDS1Q6D0
1705;M2Q3KY;Alex Kerr;NULL;WSVML5QK8V
1706;XGZ8ET;Erik Randall;0WOMCDG8;MHUXHBRDAO
1707;G42PX3;Natalie Ellis;7QN19NVIZQAQ43X;NULL
1708;K3N783;Barbara Navarro;WFEHRHM;8ZZ6LH9JC5
1709;0RK0HB;Jasmine Hays;S5PJOK7HT5GVHT9;56GDRG5P52
1710;BK6FPV;Michele May;4J2SB0WSRQFX1;9UUIUKFF0P
1711;XDU3V4;Brady Hanson;8P3N84YB;0JWNEK8AOI
1712;K2OZCM;Ann Miranda;FISXYN2;JBOH4JA7LJ
1713;Z3VCUF;Rochelle Barber;364D8EUPS9WR;DQ4C2MP4X4
1714;PE7XIM;Liza Mathews;4AF1WQ;46WH42LHUD
1715;KVA88S;Latanya Aguirre;UK5BSPN9;ZBJUDGV4S4
1716;PT4DYA;Omar Goodwin;3X4PCCRXE0;566I2ILLKK
1717;PW15OL;Jason Riddle;8YGV1JVA8CV2;57IKMF8M3P
1718;HB2UFQ;Billie Brewer;AJI0TK;0QTS7998SC
1719;YN6DH7;Terrence Smith;RL5PBR2MSJ;M0QAM03W8T
1720;6DR4UF;Lea Daniels;NVFJW4A98T;T5CCSTGW60
1721;9RZV5G;Lloyd Austin;077V7FSUQ3TH;O5FO9ABCBR
1722;H6ST1T;Kerry Marsh;NSQJAH9IOT;WKHUCS8J7G
1723;K7DS2E;Clifton Mathews;6HQNDQJCPDKYH;8XOGVGFSW6
1724;6YZH2H;Natalie Lin;KNTXTFUDVW3;TCLVXQSKVI
1725;J91U51;Yvonne Pugh;RZRJVCEZOPO4;08RUYHNNMS
1726;J3YA98;Felipe Savage;0JHR62U82PT;0WH0SFVWJV
1727;GEJFDV;Frederick Bowman;KVDDSMUK0YK;OQ58GVHQNK
1728;5DCR1J;Robyn Cooley;6H8KISUYPG;8WFP0HY49J
1729;TZE2ZG;Everett Sutton;VCLPT94O;IBODXXDPZY
1730;NULL;Rosemary Santiago;X3BG0MV3UKG1Y;DK0OQ0S5W5
1731;WRYWSW;Eva Hinton;LOU9QA;VOLL3EDXEL
1732;4EHS69;Duane Burch;UQ33H06;88UK2XJDXL
1733;KG1OLX;Betsy Potter;0AVABM;3IUOBRYB3N
1734;WP24I4;Forrest Neal;6RJVWR450RXG01Z;RFZSBUYC1K
1735;3K7ARI;Kristen Goodman;DEE3C7;ACSU5XUMI7
1736;MKJLZK;Sergio Oliver;ILO6T9KRN9IH;OL2QF3LZ2I
1737;ZUZU9D;Chad Moore;QVD3QL2BKK6V1BI;XHEKAMPFLK
1738;JCDEIK;Krista Smith;WJQZE1A;K8IVHM0HH5
1739;2WR9RA;Patrick Livingston;LAVFZ96HJW9I0;MREPLEUQ1H
1740;U9IER5;Crystal Goodman;DR41X0IASX2VQ;UEBFKN8W2L
1741;VH3LCC;Marisa Waller;SINOK5IF;21U7JLZZL1
1742;U399QH;Dan Adams;NBBEOB42;UVN6K0ALVJ
1743;7TW9XK;Warren Mc Neil;VM6YUD;JD3K21D8K2
1744;ORC7A0;Kisha House;9PAHXD4IFP19KXU;1ODVEV8R2W
1745;KGGH8B;Lashonda Craig;X1HPMMUZ;JKGRE28LHQ
1746;UAS683;Rene Chen;V2Z4JTNAL;XHG3ZJYMCH
1747;SIZ1SG;Yesenia Frank;G8XS97TYYAVH;CTYSPLFC3G
1748;GM5TKC;Leonard Medina;1T8XCNGNVBT1A4D;LUJ4AMA0YL
1749;QQE2BS;Howard Avery;WEYZLDJ;ZQWEAWPTFJ
1750;MSRI5W;Oscar Shea;97ITNVOTE0YBAWA;B7MSLCM65N
1751;J32OHD;Bobby Haney;4OLX4QY2F;PVMKV9BBCI
1752;9C6HKH;Vicky Wolfe;2WWIGNA8N44NZZM;MT7WBBJNA1
1753;UBNNZH;Damian Nielsen;NA62L03AUXSMVJ9;4IBHH0YDSG
1754;JD4XAW;Erin Ewing;DLSSWWJB118;F10SQ0FH36
1755;P8INJA;Pamela Pittman;IHOLB32OWDH2SL;OLSLP1BNIC
1756;I253YA;Sherrie Garrett;JUNC4VO9E;0R38DSBDYQ
1757;E7KRB6;Claire Jimenez;T4RQU1JSXSD86B;IE6VJLI7TX
1758;H4U5E7;Latasha Mc Carthy;GKK03Q0A;6UQOWBW24Y
1759;QYR6GP;Rachelle Harrison;0GDO39U7AEHZB;V19OHNN6Q8
1760;4NU077;Shaun Rose;1CXAUT;H2EETHQ4AI
1761;9IJ17O;Shelia Ellison;AOCKOA49AGTTI;IL9IPWZGVL
1762;6K6ZQE;Telly Ochoa;EOUPOY6Y;RI5LV3VKM7
1763;3OH52X;Molly Clayton;TS4NIO6G;YCNAHHEC0N
1764;3DXHKW;Nelson Hull;GYQS04EYPXZYO6;AJOEYYQ69C
1765;JPQ3YG;April Archer;7NO2L6V3;9BV97MM9QW
1766;LB46JU;John Wu;WJSJNLL4ZNCJ;7MXVEFI1JL
1767;EL7PBA;Saul Carter;LNQAP8;J8MXG5XTGX
1768;ZDU49J;Marcia Ortiz;YT4MCGV03VYLV;B2CE79SQQX
1769;4MJNRU;Jolene Cabrera;VHBVB3CUY1T8;VB1H3JBO7T
1770;UFVRX0;Jami Browning;10CAHMUD2E577;OSMNA6HCWF
1771;CCYI38;Joanne Patton;L14OQOLQ;9BUJZ789SU
1772;SQS8MA;Fernando Dougherty;EFD5W4V3S38TZQ;6DAVY2DHSQ
1773;CVYPX2;Misti Williams;HZ00S26N4C;AEKRJZL9E0
1774;OLJSZW;Jill Beck;TTC2KLBV;E1QNKJ4FX0
1775;5BXEAI;Renee Cameron;V3HY97;0L9CF7EYFN
1776;0WM6AF;Gene Riggs;D4YXMAJ7RNKX;40FY8O9OJF
1777;WQE5K2;Alexis Elliott;8R9S5A1QPIMI4SP;AY94BIUDCT
1778;KW20Y1;Olivia Parks;I2RLRTJ5F4IA;4DYI6JDUGL
1779;RFP4B5;Carlton May;BW0DSP3UOSY6KN;OWQ7LBG58H
1780;EUUBRW;Annette Chan;BFIHUT8LSC;EBB3AWW41A
1781;ZCJNM4;Tony O'Neal;F84C0RRLEML4;0V1ZPHPBOZ
1782;U5NEU1;Reginald Fernandez;3MJT9TE76YT0;1ACE3XIX6K
1783;EVECGY;Ron Mcintosh;1GC2A81H9;DZN629GXCK
1784;HW1YAQ;Latanya Carr;QCS6FZ8;RVU5LLYFXS
1785;WJTT56;Jerrod Burns;PA6E89;DA0QWSZL44
1786;KJCBWW;Jeanne Pittman;CZX39AACEQA;DI2CIEGURN
1787;92QH40;Fred Ibarra;BBD3UTRTHHMZ8;3JGJYBXYQM
1788;YGZBY2;Darryl Hess;Z3PFN8;MLD6BDOXQG
1789;FHOCEA;Ruth Jordan;NY83D0KF0DF4QXN;EIC382KZ31
1790;LULOU0;Carol Shaw;7CKHGYVCXVCB;X6HACUNN5D
1791;C10J2C;Tracey Morton;MY326NC5ZGT6EH;JVGYC235TW
1792;UBG5PH;Elisabeth Stokes;6VIZBRH32RMP3W6;94Y7U3UERJ
1793;3TH732;Autumn Mc Knight;O98DFC1J9A7;IO6O10T92A
1794;1OYILY;Jeanne Hudson;VQA1GR52DCZF4;OYGMAPHWX8
1795;74T905;Vincent Garcia;0BKY98T;WXCB4ZKTRL
1796;FYRWQA;Lori Rush;5W63NU;QCRSO02CJT
1797;586OT0;Bart Randall;YQ1K98B;SGZR7T4WVL
1798;03GQYP;Morgan Lynn;K8BQ34BAS8K;BR8BPVTO9J
1799;D20HDJ;Rex Harrington;QZB1YFWLEVD3;H83UH1GTLO
1800;6MWPBA;Claude Diaz;8EMXVVMOVZPX;NULL
1801;UQBDRJ;Lucas Buck;PUTMDU3J3Z;75WCDSROUQ
1802;FRUSY4;Patrice Bennett;0LUBQ2OV8FU;510JDB7IUJ
1803;1CI1GC;Arnold Shaffer;PCWDYMVZ;XZQNCB3F10
1804;WQFCQY;Donald Hebert;3FP2SRII0;XK3FDI1XLP
1805;LAZHPV;Elena Salinas;5F7X90AY;W22UYO5M3U
1806;C5D66E;Kenya Pollard;BUP3U439;08WLPFGKEO
1807;A6OFFF;Bryan Wright;H4W8ZSW649X;93FFXXPGXY
1808;9DNUYL;Kara Ayala;6C7NPAIFMDNN2;S3OLICFAFW
1809;0W01KX;Janine Griffith;RECUXOI01;4KVIRSMG0A
1810;HUA991;Peter Ware;NULL;BSZFJQ8WNW
1811;75VAY4;Natasha Walter;VWFE13V;JFTX4W4549
1812;JQXBJT;Shirley Crosby;0H4HHG4ULTU4H96;7ZVJE5WTGX
1813;WCMR98;Gerard Manning;1HUAB9S5BBST;DSVM2TO1I9
1814;9C5LH3;Teri Briggs;3EJHMMK;80GPUOPCV6
1815;BE55EG;NULL;9XVP33O6WE;ML0KZC2ZTF
1816;8RK0HB;Adrian Villa;Q4DJ9LQRP;C101HUBG2Q
1817;63P03I;Sonia Wiley;56NBZI;2QU3OB8342
1818;INI0SC;Rhonda Nash;BMUMLRRKYK7;759MITCZIF
1819;SQPG0T;Jay Vaughan;3ZEW62PPUAVVVU;BOEOS6V1F4
1820;BR55D9;Monica Strickland;4R7E4K8U9K;7J9PVNQQPB
1821;K2QSXV;Timothy Ramsey;4DLZA1;CUVSVBH327
1822;9FKDL8;Camille Chan;LL0Q9H8ASK;CF6OZI283M
1823;QN5L34;Raquel Carey;RZRQ7NTQ63KV44C;SXQCTYP8SQ
1824;0VJGH8;Marshall West;XC4VZUD99KDHQ5;FBKT0AJJB1
1825;BKVQ8W;Esteban Chambers;SOTIL8E;96UJ7N7OH8
1826;LR7VGV;Mitchell Mc Daniel;Y6JUF0QVLXAAYO;G1Y1JIJETF
1827;B42FLF;Lindsay Perkins;1XLIHNAB0;ZZU36ISOJB
1828;3ZK958;Jesus Pacheco;9S6BMRYJ65PGZX8;KOKI9Q1048
1829;67BFN8;Natasha Solis;ORJFUV4ZRL;6VIVZR10X7
1830;UPNCCU;Elisabeth Henson;QWJOUJ;07UO3HPVTP
1831;WYPN8V;Hope Hooper;58JJZ6C;LH9G18SCTB
1832;QG0WTA;Chanda Vaughn;NULL;TTZKBJ1MID
1833;LAH3NE;Adrian Morse;SIZLXO9Z;RODNLNKB8F
1834;JVGTNM;Ismael Guerra;ISL6EO;891LIQS8KE
1835;FF38KE;Alisha Murillo;K0S7NMHVW5SZY;ZD1PI56T66
1836;1ULWCU;NULL;RD233LZ5NAGXL5;YPL2DN4SH2
1837;QBITYP;Francisco Torres;XMRKBZYD43514OS;DKPJP0BUAT
1838;E68PFR;Wade Orozco;A0SREI3;BO0MW5E4E8
1839;29TL98;Leanne Madden;28FCHRP1BTYI;PBB0FC53RW
1840;1XO8V0;Roberta Brooks;FM6SZYZXKUGVE6W;EZHZYG5ICW
1841;GV6AKY;Melissa Rich;ENFJGH3K;PEW2RRZECO
1842;KXZPX7;Linda Riddle;WDD3PBP9V;4VD8PKYP61
1843;8UJ4NU;Otis Good;DMYFK4D;XA04W6YYWW
1844;KSB3M4;Manuel Hood;DYH2LS9X5J;YLW4DLD3DJ
1845;EUL2OP;Fred Escobar;KYJM63;1VMLQRLJNQ
1846;B1EVSJ;Becky Potter;LUUJQMJBJ5;DHL2MUTFDR
1847;CTWC0B;Diana Drake;8VE3YQL4TSL;RWSBL7DB2O
1848;24376K;Salvatore Klein;R569AVU;795IAG6DC8
1849;2V7XU3;Darla Franklin;RCZJINT7VJ993HX;98FIAZIAX5
1850;2EM8H2;Virginia Mayer;KH0T019S0;K4PTE6E6CN
1851;T59VAH;Gabriela O'Connell;3EKC8GO5OWVVKAW;L9CX3KC80F
1852;YEQLSW;Maggie Jensen;9AJBPA7HPTV1;4MJW2WDSSQ
1853;QHVH52;Virginia Montgomery;P26IHKFNIASLYT1;9P1SG20Z5W
1854;56YYGB;Erick Berg;PXPXMSY;9M56DVYYO5
1855;FA3J8V;Debbie Rodriguez;OBT62NFKM5YTO;CZ39H3HTJV
1856;ZUCW3N;Lorenzo Lawson;3QGPRZQQQG6O;Z0MWA3A809
1857;HGB16U;Heather Chan;W64DX4XU6R9LVV8;5DWRWIHTU1
1858;WQRBZP;Deborah Estes;TU74CU;QC1P6KXHCC
1859;YAXU6X;Drew Hernandez;GW1YJY;ZN4JHLVNG4
1860;4N2K12;Sean Haynes;CZDNJEIR0P;1UQCQ6YBQ1
1861;NJL2F4;Warren Mc Daniel;IXY64V4H;IA9ULWPBIW
1862;PMW9GY;Cassandra Arroyo;WLYKO27N;0D9MD1WX6K
1863;JC785M;Charlene Phelps;W5DVLE988BU;GB7ZUTQJ1M
1864;JF2WPK;Carey Montoya;2UIDTX0AS5U;Q4U9NZZX5L
1865;T9H5SK;Arthur Rivera;6NQ1SZH7UB4JDNB;3TC34TXFSU
1866;759KKY;Jane Zhang;XVNSNCURF7;6UYML2WKZV
1867;O0LPY1;Miranda Barr;56DNRBC;XN5S3EWY8F
1868;AVBVGQ;Roxanne Bryant;XN8F8UNL;28ENQPWLLT
1869;4J5QKB;Clifford Leblanc;PZ06LFCW;2X0B0EX1KL
1870;DF3OE8;Marsha Dickson;1ETTZLL4C0G;RWPYCQJIUL
1871;6XOKNR;Rickey Hart;D81XDWOGE;GRP8YB6OD9
1872;EG6QIS;Marc Foster;0R32G6;OK7RSDI17U
1873;E59BT5;Anita Fuller;JQ0R99XV4;KHIXSD623Z
1874;M3T0MC;Lakisha Chase;NT4IM44CQ;TH8LRFLUW7
1875;KH1KT7;Joel Todd;87JOG3;874RKX50SE
1876;XMBSY9;Antonio Frank;E2PX4EFS9GV4Y31;B68Q0JSHB5
1877;2YZ1JC;Irma Morse;71MAGDMZQQ7GB;1QPJ6M2GCX
1878;9UCK2A;Nicolas Jensen;CA66JSFRJEPPD;B8AT1T8W26
1879;TUK0FJ;Renee Holmes;87RV6YBNT;F61D1E22EW
1880;Z56PKF;Kelli Shaffer;N0GQ7D7;P6E11RJXC1
1881;IYIVWC;Angelia Hendricks;G13LYS;EV0G7IZ9E3
1882;4UZ3ZC;Adrian Lynn;9UGI7KRZYR;RAJHTKNDAJ
1883;MOZQXJ;Melody Parker;YC9DVPGCJJ;8I3FZSHD5U
1884;RQSJPW;Scot Franklin;OK57P8BKM9YC;ZR6DL7K25I
1885;TTCYXH;Ronald Griffith;4V5L8W;DE3IKYY9YR
1886;VUP6XZ;Tamara Coffey;HZOEUP36E4L90W5;ENHCSI7S0X
1887;0KXF6I;Frankie Frye;C0VIOE4;KBRAFZGT8E
1888;H6ZNVD;Mitchell Wade;Z0C90JU4NIVPV;74OBH8IFVV
1889;7QB7GH;Marc Cameron;C0555IOP;2CIV8E1UCH
1890;0N42VJ;Victor Pace;1YZSLDDC3UGE;VURQ9IYT4J
1891;UAJZJE;Otis Parks;DT5U9GM;WFCNG1Z9L2
1892;5U4IDP;Grace Watts;1F0MNUDI8L;39ESKR1SD1
1893;NCA130;Serena Glass;AOBA1R9R95;58UKQY0G1R
1894;3DZHID;Neil Morgan;UFBINBZA;JG3IKYZV3V
1895;XSDBYL;Faith Reid;73SZIY5YIZTU9;9QIBHY7RB5
1896;VFNBZZ;Kristy Pratt;452J330;V94TWB0951
1897;W7O2SZ;Isabel Higgins;CC9LKA572;6PYP162SHY
1898;AU0RJ2;Bryan Mata;XCC7VBR2LA;6Z32EH189F
1899;WKI10Q;Nicolas Pugh;ACWLJ6CKRV79I;2KTER2OVTP
1900;1Q7E3P;Tania Koch;GQXEUTAX;EKSDRW0OJO
1901;XMQ40M;Gail Hudson;WWJXAQR1HPG10;Q34QTWI7WR
1902;6AEQEN;Nichole Salas;Z14SMANQ3TFF;FNEWNF04M4
1903;YDKFJW;Sheila Mays;TORHXD10OZ;8KJA1Q58KW
1904;U5AY9T;Ross Castaneda;2T0UQJ2PFDYCQ;JTP908RCMT
1905;GHOO9L;Courtney Rodriguez;OMN6TQHU6XCQ8IO;Z44ZV9LOF1
1906;7AMJFI;Rex Savage;CA1UQS;BVK6JVS2O6
1907;94BM3K;Samantha Swanson;S0JQQZ7VB0G9Q;C3K6DERCAI
1908;DMZKST;Mike Murillo;TV8R7N2IZAK;1LE52UVMWG
1909;HG5QTD;Marcie Huff;H1OAW9VBU69ZRUY;6IUPTOWJJ5
1910;TP142A;Aaron Moore;0PS8XKIFS2J58A0;FS1EPW6W3R
1911;3YV3E8;Shauna Zimmerman;6PI67146EEJNL;PTZSETY61A
1912;1YC69R;Nelson Vance;0DPZHAIC3WI9H;BX2BNK3FQY
1913;UP4HSA;Catherine Mckee;QQ3K50T;15L4N4ZGZD
1914;TGSM40;Ross Ho;BSVZLLTI0UTJ25F;BS1Q1A3LD3
1915;E9H09B;Kelly Mcfarland;SQQTMMNYJAGOB;DH3CD8LTN1
1916;O3GEKH;Sarah Crane;HKFY1W;9RT6A6T7LA
1917;HTKJMN;Colin Logan;HOXIKWNFYRKAUR;1M9AXJSC4L
1918;0XNAZ1;Helen Huerta;AZFP4XGB457;BS40ARRU6Q
1919;H2H984;Bryant Benjamin;C8433J5B2SB1P0I;FJ9WUZXS5I
1920;OV5ZGR;Hollie Poole;JVDG72AFIC;OFG33A20AX
1921;LN27T9;Sherrie Booker;61CSCDUA;WF129V2GR3
1922;N82ICH;Hope Sherman;TNGRPGDHOEZ3FU;U7Q00PTFCF
1923;CTQA91;Jeannie Welch;9RQUAXPL;W3OJ7NGR6F
1924;0Y4BCT;Irma Andrews;QY9P0ZOV;4MUVRQ1PPR
1925;XFK6VR;Mary Dickerson;BRWFMRQP;QL9D39D7VK
1926;AL25RW;Jimmy Sloan;R4COR6L;1IXDPOEZZX
1927;UFQWM9;Katrina Pena;KM0Z932P0Q;J2365X2DMP
1928;1EO6QZ;Jolene Lloyd;OHOQ4D32VT5Z3;KD3AUK6EYK
1929;OXVHGJ;Jaime Ewing;4YGE2723HE;ALBXE0DBQR
1930;THCGQY;Tamika Hogan;VQ2OUPL0J0C2E8B;716AX4F4HY
1931;8O4H4D;Monique Hoover;3PPFNWE45;YYJ9FTUSKY
1932;JEFPKG;Darnell Guerrero;AYI5K0AO9N;USHU7I20BZ
1933;NULL;Blanca Buck;E14JYJKSW25QKYE;6623KN2ZU2
1934;0VZ5RU;Trenton Randall;ZDYCXI8F;5MDE4KJGX7
1935;N6OBD4;Dallas O'Connor;HEGCSPZOL;87ES2WW1HM
1936;XDFWAA;Albert Le;NULL;MRD7B97QL4
1937;QKOLME;Hilary Holden;OLVODTB8;NULL
1938;JGSW2T;Elena Golden;47Y658ABBA;2MUHTEHHV2
1939;LDAY3G;Roman Cross;VSOWH54G4C62Z9;RXVPSK62SL
1940;IG6R84;Melissa Riley;63PKIM9P;10L1X9986M
1941;00S952;Gina Simmons;FJ7A3HEODHTVW;D4RXK3IKZR
1942;BBK5FF;Tim Beard;77PU46;IZFBMHMKIB
1943;QVEAB8;Christian Oliver;4ZXF26;XLUVRH87MV
1944;04Y6T8;Fredrick Cuevas;QSHL2EGXX;GKRXV02K8L
1945;4HUEAJ;Celeste Floyd;DMYHPHF;YILLLMRLM3
1946;FZMWQI;Eli Huang;94HDSR5;2762OB0BS5
1947;2QSO0H;Josh Dillon;BAKAU1ASYK;0JUKOMMHY3
1948;KRGXVA;Jesse Good;7SIIAA;KMCA5VLF09
1949;VT2BU2;Cathy Jacobson;HH7GFHH;HHJRSBRJWT
1950;TQR5WL;Roy Terrell;S24CZQGJ26;SH2R1Y5Y45
1951;VSDKQ0;Bradford Sheppard;NZBB6J4H71RM;EMJQE55PD4
1952;E5ITRG;Tammi Melton;3XANBVV3S998O;M1D0WUBQF6
1953;QDGE8I;Maurice Contreras;L9R9FCXNW5;CUU7EUNA14
1954;6KLVF3;Justin Quinn;1XAZ9J0FW92FT8;M3X82WLE6G
1955;Z1I3WH;Kerry Chan;B9UQ23IXJ8GSC;VV0D01BNEQ
1956;Z2C491;Camille Taylor;9F14H9XK3IP8S;IAPV7QA222
1957;NKI3MM;Candy Mayo;BITX180N;DF93OSE400
1958;CAQO2Q;Milton Stevenson;522JZQRT;8ZY60ULZEP
1959;7SPBWP;Jessie Tanner;NULL;YKMJ6PU33D
1960;3ZPVZV;Latoya Bradshaw;O5NT0ABY;2IL4WDJ89P
1961;A39YH2;Don Griffith;Q6B0UARM0EIR3;31PX0QFH3O
1962;Z2STH5;Tamara Riggs;MNV2EQYUCPYJM;UHOH5LOAWW
1963;RRFUQY;Bobbi Delacruz;HIIM2YAHH48SSD;8WFLWX8F5G
1964;ANTDB2;Tom Shepard;CAZKW165;AHKT8P4OM9
1965;KT8MRD;Iris Cline;X8BWTL2BNN4IW;ZO4FF8XJZS
1966;6HPKN7;Alejandro Ware;O5Z46Q;0TTHFTI8NJ
1967;QWHFJR;Taryn Cook;MXK40FY;176WBDZ589
1968;8918WY;Demetrius Cortez;Q2BD9O;WWRHHI0ILG
1969;GFL5ZY;Herbert Stevens;MDNV2X4;IGQZQ9B5DL
1970;9J6PSK;Zachary Case;96FDAFXW0EEAAR;DMW8IWKKUK
1971;AP92RJ;Edward Alvarez;T64CXKS5;8XWQYBZ85Y
1972;QCXRB7;Kelly Schmitt;7TILGBOXH;0PQ6CMPU2V
1973;J7EUE1;Robbie Calderon;AXK2NJT6;3J4K804Y1M
1974;14EO8S;Darrell Kerr;NULL;08S30BZ65G
1975;DAPR6R;Saul Johns;YVDKVLUOYK7L;6M7IBKXUZH
1976;KR55EH;Colby Sanford;1T5GWBGPQHT;1UDLE2Z46W
1977;3OEOQ3;Irene Booth;GU94GT4DH6;KOHD9LEUWQ
1978;CSVDJU;Seth Montoya;U9N0LMQC;8DICQOJ06M
1979;KUEIQ2;Jimmy Bean;6TVQW7MHPL8EK;D6YPFXW60A
1980;1704GE;Brett Russo;EQLKIR37ZU2B79B;M2I1XBCG5L
1981;G8OZK1;Lauren Bauer;3Z4IBMY;BL031CBK5Q
1982;G00IPR;Kendra Henderson;786MOVYC97;LBAFJ6GXPQ
1983;IUDNWO;Dena Harrington;9018L6YU1OL0D;AQGTPQ8OQG
1984;WRMNEB;Jami Waller;VI891PRR2D9KGJ;NULL
1985;HDJ9PQ;Floyd Rosario;WP2Z01T1RJCDSX;IVCPCVKVG4
1986;J7DZTB;Cody Wiley;M8TGSCP;NG7QIR6Z7V
1987;UE01AC;Billie Le;7HHHYOZ0PFQ5YJ0;VB9M8NKBHZ
1988;DMHJQZ;Jerrod Price;41HHPPCZU8R0;7TF3TUKDT9
1989;H2C5PV;Jennie Cohen;0QR6LUHI;23ZLY8GIR9
1990;NG8Z04;Leigh Brewer;VDSIMX2RV3;CZ0GPNWA4M
1991;NZN3CV;Alfonso Riggs;GBRV7DH4INPXY;69EBEYCET1
1992;DML3ZJ;Beverly Morrison;PPZYCOIUK53P7;K86NNOCUZ8
1993;Q1PZRC;Brendan Cunningham;FW2DOSAOYVZ8DC;PGF2D4XGJ5
1994;41U4G5;Colby Miles;W6GT8W82TIEPLRL;UWQ6NTI6CF
1995;XR2A7J;Marcia Galvan;H6DPLKB9;GFSA2Z8Y9N
1996;NTGD4H;Glenda Bowers;Z0Q3Z4B5UOZNWY;YKYVBK7HCI
1997;FQ1QBV;Herbert Gentry;7U9V92OXD3H1ZN;VD9XG0ICTV
1998;EI09SY;William Floyd;BU7M9WIYUD3;9Z0A22X8KW
1999;XTYVPU;Sabrina Stone;R2M4L86IRB;UY58SIXYU3
2000;VJTR0E;Shad Hayden;Z3A3C0I3BIE;QJF15I8FXT
